timestamp_utc,backend,phase,event,probability_index,probability,batch_index,batch_shots,shots_remaining_before,shots_remaining_after,clifford_index,depth_index,depth,shots,circuit_dimension,circuit_qudits,circuit_operations,simulator_seconds,dem_compile_seconds,dem_sample_seconds,dem_cache_hit,dem_total_noise_locations,dem_active_noise_locations,dem_detectors,dem_logicals,unpack_seconds,record_seconds,process_seconds,load_seconds,write_seconds,total_seconds,notes
2026-08-08T01:47:41Z,dem,RB_comparison,simulate_depth,11,0.100000000,,10000,,,0,0,0,10000,3,1,2,0.000891243,0.000690208,0.000108632,0,0,0,0,1,,,0.000155050,,,0.001063224,simulated_shots=10001;reference_shot_dropped=1
2026-08-08T01:47:41Z,dem,RB_comparison,simulate_depth,11,0.100000000,,10000,,,0,1,2,10000,3,1,34,0.005319763,0.002099176,0.003207142,0,16,16,0,1,,,0.000111288,,,0.005437262,simulated_shots=10001;reference_shot_dropped=1
2026-08-08T01:47:41Z,dem,RB_comparison,simulate_depth,11,0.100000000,,10000,,,0,2,4,10000,3,1,54,0.006981291,0.002530440,0.004429913,0,26,26,0,1,,,0.000143368,,,0.007131672,simulated_shots=10001;reference_shot_dropped=1
2026-08-08T01:47:41Z,dem,RB_comparison,simulate_depth,11,0.100000000,,10000,,,0,3,6,10000,3,1,82,0.011079696,0.003744454,0.007318040,0,40,40,0,1,,,0.000134972,,,0.011221651,simulated_shots=10001;reference_shot_dropped=1
2026-08-08T01:47:41Z,dem,RB_comparison,simulate_depth,11,0.100000000,,10000,,,0,4,10,10000,3,1,162,0.021587436,0.007229485,0.014344396,0,80,80,0,1,,,0.000130674,,,0.021725092,simulated_shots=10001;reference_shot_dropped=1
2026-08-08T01:47:41Z,dem,RB_comparison,simulate_depth,11,0.100000000,,10000,,,0,5,14,10000,3,1,250,0.031548887,0.010012706,0.021522555,0,124,124,0,1,,,0.000131265,,,0.031687435,simulated_shots=10001;reference_shot_dropped=1
2026-08-08T01:47:41Z,dem,RB_comparison,simulate_depth,11,0.100000000,,10000,,,0,6,18,10000,3,1,326,0.044587938,0.016211298,0.028363015,0,162,162,0,1,,,0.000158506,,,0.044755421,simulated_shots=10001;reference_shot_dropped=1
2026-08-08T01:47:41Z,dem,RB_comparison,simulate_depth,11,0.100000000,,10000,,,0,7,20,10000,3,1,370,0.050557492,0.018426650,0.032113449,0,184,184,0,1,,,0.000137186,,,0.050704235,simulated_shots=10001;reference_shot_dropped=1
2026-08-08T01:47:41Z,dem,RB_comparison,simulate_depth,11,0.100000000,,10000,,,0,8,22,10000,3,1,414,0.069154681,0.023910489,0.045226929,0,206,206,0,1,,,0.000175858,,,0.069340788,simulated_shots=10001;reference_shot_dropped=1
2026-08-08T01:47:41Z,dem,RB_comparison,simulate_depth,11,0.100000000,,10000,,,1,0,0,10000,3,1,2,0.000331970,0.000298537,0.000017753,0,0,0,0,1,,,0.000113953,,,0.000452885,simulated_shots=10001;reference_shot_dropped=1
2026-08-08T01:47:41Z,dem,RB_comparison,simulate_depth,11,0.100000000,,10000,,,1,1,2,10000,3,1,26,0.004548634,0.001779269,0.002753506,0,12,12,0,1,,,0.000124152,,,0.004680400,simulated_shots=10001;reference_shot_dropped=1
2026-08-08T01:47:41Z,dem,RB_comparison,simulate_depth,11,0.100000000,,10000,,,1,2,4,10000,3,1,82,0.013155599,0.004343151,0.008795937,0,40,40,0,1,,,0.000183984,,,0.013347457,simulated_shots=10001;reference_shot_dropped=1
2026-08-08T01:47:41Z,dem,RB_comparison,simulate_depth,11,0.100000000,,10000,,,1,3,6,10000,3,1,126,0.019377775,0.006483223,0.012878412,0,62,62,0,1,,,0.000159057,,,0.019544887,simulated_shots=10001;reference_shot_dropped=1
2026-08-08T01:47:41Z,dem,RB_comparison,simulate_depth,11,0.100000000,,10000,,,1,4,10,10000,3,1,210,0.039410860,0.014871590,0.024521248,0,104,104,0,1,,,0.000175467,,,0.039651359,simulated_shots=10001;reference_shot_dropped=1
2026-08-08T01:47:42Z,dem,RB_comparison,simulate_depth,11,0.100000000,,10000,,,1,5,14,10000,3,1,286,0.047930623,0.016584333,0.031329388,0,142,142,0,1,,,0.000180156,,,0.048119916,simulated_shots=10001;reference_shot_dropped=1
2026-08-08T01:47:42Z,dem,RB_comparison,simulate_depth,11,0.100000000,,10000,,,1,6,18,10000,3,1,370,0.062579777,0.021934433,0.040627289,0,184,184,0,1,,,0.000187720,,,0.062778808,simulated_shots=10001;reference_shot_dropped=1
2026-08-08T01:47:42Z,dem,RB_comparison,simulate_depth,11,0.100000000,,10000,,,1,7,20,10000,3,1,398,0.072422195,0.024191152,0.048213069,0,198,198,0,1,,,0.000259274,,,0.072695635,simulated_shots=10001;reference_shot_dropped=1
2026-08-08T01:47:42Z,dem,RB_comparison,simulate_depth,11,0.100000000,,10000,,,1,8,22,10000,3,1,430,0.068919543,0.022924701,0.045977339,0,214,214,0,1,,,0.000174396,,,0.069106722,simulated_shots=10001;reference_shot_dropped=1
2026-08-08T01:47:42Z,dem,RB_comparison,simulate_depth,11,0.100000000,,10000,,,2,0,0,10000,3,1,2,0.000443387,0.000358458,0.000022211,0,0,0,0,1,,,0.000124512,,,0.000576275,simulated_shots=10001;reference_shot_dropped=1
2026-08-08T01:47:42Z,dem,RB_comparison,simulate_depth,11,0.100000000,,10000,,,2,1,2,10000,3,1,54,0.009675658,0.003271351,0.006384088,0,26,26,0,1,,,0.000166441,,,0.009856064,simulated_shots=10001;reference_shot_dropped=1
2026-08-08T01:47:42Z,dem,RB_comparison,simulate_depth,11,0.100000000,,10000,,,2,2,4,10000,3,1,98,0.019634363,0.006112792,0.013501724,0,48,48,0,1,,,0.000156562,,,0.019800022,simulated_shots=10001;reference_shot_dropped=1
2026-08-08T01:47:42Z,dem,RB_comparison,simulate_depth,11,0.100000000,,10000,,,2,3,6,10000,3,1,154,0.025297276,0.007991235,0.017288117,0,76,76,0,1,,,0.000166901,,,0.025474857,simulated_shots=10001;reference_shot_dropped=1
2026-08-08T01:47:42Z,dem,RB_comparison,simulate_depth,11,0.100000000,,10000,,,2,4,10,10000,3,1,238,0.039289885,0.011599697,0.027672526,0,118,118,0,1,,,0.000171159,,,0.039470301,simulated_shots=10001;reference_shot_dropped=1
2026-08-08T01:47:42Z,dem,RB_comparison,simulate_depth,11,0.100000000,,10000,,,2,5,14,10000,3,1,342,0.059885852,0.020123266,0.039744533,0,170,170,0,1,,,0.000228526,,,0.060126151,simulated_shots=10001;reference_shot_dropped=1
2026-08-08T01:47:42Z,dem,RB_comparison,simulate_depth,11,0.100000000,,10000,,,2,6,18,10000,3,1,394,0.067056276,0.022280539,0.044755711,0,196,196,0,1,,,0.000167091,,,0.067238777,simulated_shots=10001;reference_shot_dropped=1
2026-08-08T01:47:42Z,dem,RB_comparison,simulate_depth,11,0.100000000,,10000,,,2,7,20,10000,3,1,446,0.077050408,0.026586080,0.050446266,0,222,222,0,1,,,0.000188592,,,0.077250111,simulated_shots=10001;reference_shot_dropped=1
2026-08-08T01:47:42Z,dem,RB_comparison,simulate_depth,11,0.100000000,,10000,,,2,8,22,10000,3,1,486,0.083861713,0.028647665,0.055195554,0,242,242,0,1,,,0.000174165,,,0.084046958,simulated_shots=10001;reference_shot_dropped=1
2026-08-08T01:47:42Z,dem,RB_comparison,simulate_depth,11,0.100000000,,10000,,,3,0,0,10000,3,1,2,0.000335356,0.000296533,0.000017162,0,0,0,0,1,,,0.000115966,,,0.000458996,simulated_shots=10001;reference_shot_dropped=1
2026-08-08T01:47:42Z,dem,RB_comparison,simulate_depth,11,0.100000000,,10000,,,3,1,2,10000,3,1,26,0.004782781,0.001866822,0.002898797,0,12,12,0,1,,,0.000129171,,,0.004919846,simulated_shots=10001;reference_shot_dropped=1
2026-08-08T01:47:42Z,dem,RB_comparison,simulate_depth,11,0.100000000,,10000,,,3,2,4,10000,3,1,66,0.011358255,0.003816068,0.007525236,0,32,32,0,1,,,0.000176780,,,0.011546277,simulated_shots=10001;reference_shot_dropped=1
2026-08-08T01:47:42Z,dem,RB_comparison,simulate_depth,11,0.100000000,,10000,,,3,3,6,10000,3,1,114,0.019619164,0.006556590,0.013045223,0,56,56,0,1,,,0.000156401,,,0.019784363,simulated_shots=10001;reference_shot_dropped=1
2026-08-08T01:47:42Z,dem,RB_comparison,simulate_depth,11,0.100000000,,10000,,,3,4,10,10000,3,1,198,0.032671221,0.009546197,0.023107031,0,98,98,0,1,,,0.000183091,,,0.032863649,simulated_shots=10001;reference_shot_dropped=1
2026-08-08T01:47:42Z,dem,RB_comparison,simulate_depth,11,0.100000000,,10000,,,3,5,14,10000,3,1,274,0.047794257,0.016569326,0.031206097,0,136,136,0,1,,,0.000192690,,,0.047998168,simulated_shots=10001;reference_shot_dropped=1
2026-08-08T01:47:42Z,dem,RB_comparison,simulate_depth,11,0.100000000,,10000,,,3,6,18,10000,3,1,366,0.063682975,0.021322813,0.042340034,0,182,182,0,1,,,0.000202458,,,0.063895822,simulated_shots=10001;reference_shot_dropped=1
2026-08-08T01:47:42Z,dem,RB_comparison,simulate_depth,11,0.100000000,,10000,,,3,7,20,10000,3,1,422,0.073666717,0.025270426,0.048377988,0,210,210,0,1,,,0.000169436,,,0.073846493,simulated_shots=10001;reference_shot_dropped=1
2026-08-08T01:47:42Z,dem,RB_comparison,simulate_depth,11,0.100000000,,10000,,,3,8,22,10000,3,1,462,0.081866221,0.027997462,0.053850425,0,230,230,0,1,,,0.000176740,,,0.082054302,simulated_shots=10001;reference_shot_dropped=1
2026-08-08T01:47:43Z,dem,RB_comparison,simulate_depth,11,0.100000000,,10000,,,4,0,0,10000,3,1,2,0.000329234,0.000294409,0.000017243,0,0,0,0,1,,,0.000124893,,,0.000464947,simulated_shots=10001;reference_shot_dropped=1
2026-08-08T01:47:43Z,dem,RB_comparison,simulate_depth,11,0.100000000,,10000,,,4,1,2,10000,3,1,50,0.008568582,0.002995207,0.005556274,0,24,24,0,1,,,0.000154208,,,0.008732208,simulated_shots=10001;reference_shot_dropped=1
2026-08-08T01:47:43Z,dem,RB_comparison,simulate_depth,11,0.100000000,,10000,,,4,2,4,10000,3,1,90,0.014692465,0.005052604,0.009622758,0,44,44,0,1,,,0.000167122,,,0.014869054,simulated_shots=10001;reference_shot_dropped=1
2026-08-08T01:47:43Z,dem,RB_comparison,simulate_depth,11,0.100000000,,10000,,,4,3,6,10000,3,1,126,0.020718977,0.006468224,0.014226978,0,62,62,0,1,,,0.000167583,,,0.020897279,simulated_shots=10001;reference_shot_dropped=1
2026-08-08T01:47:43Z,dem,RB_comparison,simulate_depth,11,0.100000000,,10000,,,4,4,10,10000,3,1,222,0.036304447,0.012087026,0.024199528,0,110,110,0,1,,,0.000198881,,,0.036514098,simulated_shots=10001;reference_shot_dropped=1
2026-08-08T01:47:43Z,dem,RB_comparison,simulate_depth,11,0.100000000,,10000,,,4,5,14,10000,3,1,306,0.053217104,0.018971045,0.034225490,0,152,152,0,1,,,0.000362987,,,0.053591281,simulated_shots=10001;reference_shot_dropped=1
2026-08-08T01:47:43Z,dem,RB_comparison,simulate_depth,11,0.100000000,,10000,,,4,6,18,10000,3,1,402,0.072430411,0.023745992,0.048664292,0,200,200,0,1,,,0.000227564,,,0.072672512,simulated_shots=10001;reference_shot_dropped=1
2026-08-08T01:47:43Z,dem,RB_comparison,simulate_depth,11,0.100000000,,10000,,,4,7,20,10000,3,1,450,0.081358123,0.027929075,0.053403371,0,224,224,0,1,,,0.000480597,,,0.081857905,simulated_shots=10001;reference_shot_dropped=1
2026-08-08T01:47:43Z,dem,RB_comparison,simulate_depth,11,0.100000000,,10000,,,4,8,22,10000,3,1,478,0.083492084,0.030002753,0.053459095,0,238,238,0,1,,,0.000316891,,,0.083827348,simulated_shots=10001;reference_shot_dropped=1
2026-08-08T01:47:43Z,dem,RB_comparison,simulate_depth,11,0.100000000,,10000,,,5,0,0,10000,3,1,2,0.000473453,0.000416106,0.000020278,0,0,0,0,1,,,0.000153155,,,0.000637539,simulated_shots=10001;reference_shot_dropped=1
2026-08-08T01:47:43Z,dem,RB_comparison,simulate_depth,11,0.100000000,,10000,,,5,1,2,10000,3,1,42,0.007280310,0.002647268,0.004616180,0,20,20,0,1,,,0.000160710,,,0.007449235,simulated_shots=10001;reference_shot_dropped=1
2026-08-08T01:47:43Z,dem,RB_comparison,simulate_depth,11,0.100000000,,10000,,,5,2,4,10000,3,1,70,0.011635252,0.003908460,0.007709520,0,34,34,0,1,,,0.000196937,,,0.011840365,simulated_shots=10001;reference_shot_dropped=1
2026-08-08T01:47:43Z,dem,RB_comparison,simulate_depth,11,0.100000000,,10000,,,5,3,6,10000,3,1,102,0.017426304,0.005729547,0.011678804,0,50,50,0,1,,,0.000155250,,,0.017590260,simulated_shots=10001;reference_shot_dropped=1
2026-08-08T01:47:43Z,dem,RB_comparison,simulate_depth,11,0.100000000,,10000,,,5,4,10,10000,3,1,190,0.031307777,0.009800721,0.021489504,0,94,94,0,1,,,0.000174125,,,0.031491410,simulated_shots=10001;reference_shot_dropped=1
2026-08-08T01:47:43Z,dem,RB_comparison,simulate_depth,11,0.100000000,,10000,,,5,5,14,10000,3,1,250,0.040498569,0.012614128,0.027867249,0,124,124,0,1,,,0.000175988,,,0.040684196,simulated_shots=10001;reference_shot_dropped=1
2026-08-08T01:47:43Z,dem,RB_comparison,simulate_depth,11,0.100000000,,10000,,,5,6,18,10000,3,1,318,0.054502020,0.019365422,0.035118756,0,158,158,0,1,,,0.000177781,,,0.054689901,simulated_shots=10001;reference_shot_dropped=1
2026-08-08T01:47:43Z,dem,RB_comparison,simulate_depth,11,0.100000000,,10000,,,5,7,20,10000,3,1,342,0.058799706,0.020459362,0.038321038,0,170,170,0,1,,,0.000167933,,,0.058977808,simulated_shots=10001;reference_shot_dropped=1
2026-08-08T01:47:43Z,dem,RB_comparison,simulate_depth,11,0.100000000,,10000,,,5,8,22,10000,3,1,370,0.063621871,0.021444290,0.042159587,0,184,184,0,1,,,0.000186057,,,0.063819510,simulated_shots=10001;reference_shot_dropped=1
2026-08-08T01:47:43Z,dem,RB_comparison,simulate_depth,11,0.100000000,,10000,,,6,0,0,10000,3,1,2,0.000383536,0.000344754,0.000017072,0,0,0,0,1,,,0.000118732,,,0.000510713,simulated_shots=10001;reference_shot_dropped=1
2026-08-08T01:47:43Z,dem,RB_comparison,simulate_depth,11,0.100000000,,10000,,,6,1,2,10000,3,1,50,0.008404646,0.003139275,0.005247989,0,24,24,0,1,,,0.000138779,,,0.008552002,simulated_shots=10001;reference_shot_dropped=1
2026-08-08T01:47:43Z,dem,RB_comparison,simulate_depth,11,0.100000000,,10000,,,6,2,4,10000,3,1,74,0.013509669,0.004506486,0.008985681,0,36,36,0,1,,,0.000161762,,,0.013680037,simulated_shots=10001;reference_shot_dropped=1
2026-08-08T01:47:43Z,dem,RB_comparison,simulate_depth,11,0.100000000,,10000,,,6,3,6,10000,3,1,110,0.019765679,0.005921776,0.013826559,0,54,54,0,1,,,0.000169967,,,0.019944131,simulated_shots=10001;reference_shot_dropped=1
2026-08-08T01:47:43Z,dem,RB_comparison,simulate_depth,11,0.100000000,,10000,,,6,4,10,10000,3,1,186,0.029122480,0.009545234,0.019554915,0,92,92,0,1,,,0.000168204,,,0.029300773,simulated_shots=10001;reference_shot_dropped=1
2026-08-08T01:47:43Z,dem,RB_comparison,simulate_depth,11,0.100000000,,10000,,,6,5,14,10000,3,1,254,0.044235411,0.013078855,0.031137499,0,126,126,0,1,,,0.000191216,,,0.044437457,simulated_shots=10001;reference_shot_dropped=1
2026-08-08T01:47:43Z,dem,RB_comparison,simulate_depth,11,0.100000000,,10000,,,6,6,18,10000,3,1,322,0.055050502,0.018751727,0.036276405,0,160,160,0,1,,,0.000173083,,,0.055234205,simulated_shots=10001;reference_shot_dropped=1
2026-08-08T01:47:43Z,dem,RB_comparison,simulate_depth,11,0.100000000,,10000,,,6,7,20,10000,3,1,350,0.060727863,0.022340281,0.038354010,0,174,174,0,1,,,0.000189383,,,0.060928237,simulated_shots=10001;reference_shot_dropped=1
2026-08-08T01:47:44Z,dem,RB_comparison,simulate_depth,11,0.100000000,,10000,,,6,8,22,10000,3,1,378,0.065306012,0.023256740,0.042028273,0,188,188,0,1,,,0.000170208,,,0.065488302,simulated_shots=10001;reference_shot_dropped=1
2026-08-08T01:47:44Z,dem,RB_comparison,simulate_depth,11,0.100000000,,10000,,,7,0,0,10000,3,1,2,0.000342138,0.000295050,0.000017893,0,0,0,0,1,,,0.000118521,,,0.000468804,simulated_shots=10001;reference_shot_dropped=1
2026-08-08T01:47:44Z,dem,RB_comparison,simulate_depth,11,0.100000000,,10000,,,7,1,2,10000,3,1,54,0.009325073,0.003017118,0.006291044,0,26,26,0,1,,,0.000153356,,,0.009486584,simulated_shots=10001;reference_shot_dropped=1
2026-08-08T01:47:44Z,dem,RB_comparison,simulate_depth,11,0.100000000,,10000,,,7,2,4,10000,3,1,98,0.017463032,0.005411864,0.012033405,0,48,48,0,1,,,0.000154528,,,0.017626878,simulated_shots=10001;reference_shot_dropped=1
2026-08-08T01:47:44Z,dem,RB_comparison,simulate_depth,11,0.100000000,,10000,,,7,3,6,10000,3,1,138,0.022370025,0.007333770,0.015015818,0,68,68,0,1,,,0.000175487,,,0.022555351,simulated_shots=10001;reference_shot_dropped=1
2026-08-08T01:47:44Z,dem,RB_comparison,simulate_depth,11,0.100000000,,10000,,,7,4,10,10000,3,1,242,0.038476178,0.012302137,0.026155065,0,120,120,0,1,,,0.000167102,,,0.038653328,simulated_shots=10001;reference_shot_dropped=1
2026-08-08T01:47:44Z,dem,RB_comparison,simulate_depth,11,0.100000000,,10000,,,7,5,14,10000,3,1,334,0.061875293,0.021162704,0.040689387,0,166,166,0,1,,,0.000178242,,,0.062066029,simulated_shots=10001;reference_shot_dropped=1
2026-08-08T01:47:44Z,dem,RB_comparison,simulate_depth,11,0.100000000,,10000,,,7,6,18,10000,3,1,426,0.076884920,0.026208214,0.050654183,0,212,212,0,1,,,0.000223617,,,0.077126430,simulated_shots=10001;reference_shot_dropped=1
2026-08-08T01:47:44Z,dem,RB_comparison,simulate_depth,11,0.100000000,,10000,,,7,7,20,10000,3,1,498,0.090235952,0.031096212,0.059098283,0,248,248,0,1,,,0.000179374,,,0.090431557,simulated_shots=10001;reference_shot_dropped=1
2026-08-08T01:47:44Z,dem,RB_comparison,simulate_depth,11,0.100000000,,10000,,,7,8,22,10000,3,1,542,0.104157249,0.037836624,0.066297842,0,270,270,0,1,,,0.000212576,,,0.104384914,simulated_shots=10001;reference_shot_dropped=1
2026-08-08T01:47:44Z,dem,RB_comparison,simulate_depth,11,0.100000000,,10000,,,8,0,0,10000,3,1,2,0.000412179,0.000365722,0.000019547,0,0,0,0,1,,,0.000138629,,,0.000560074,simulated_shots=10001;reference_shot_dropped=1
2026-08-08T01:47:44Z,dem,RB_comparison,simulate_depth,11,0.100000000,,10000,,,8,1,2,10000,3,1,54,0.009183770,0.003148072,0.006018946,0,26,26,0,1,,,0.000145842,,,0.009338118,simulated_shots=10001;reference_shot_dropped=1
2026-08-08T01:47:44Z,dem,RB_comparison,simulate_depth,11,0.100000000,,10000,,,8,2,4,10000,3,1,98,0.016248488,0.005273306,0.010923175,0,48,48,0,1,,,0.000157604,,,0.016415569,simulated_shots=10001;reference_shot_dropped=1
2026-08-08T01:47:44Z,dem,RB_comparison,simulate_depth,11,0.100000000,,10000,,,8,3,6,10000,3,1,126,0.020468159,0.006881746,0.013568199,0,62,62,0,1,,,0.000181258,,,0.020658845,simulated_shots=10001;reference_shot_dropped=1
2026-08-08T01:47:44Z,dem,RB_comparison,simulate_depth,11,0.100000000,,10000,,,8,4,10,10000,3,1,222,0.036599497,0.011233793,0.025348181,0,110,110,0,1,,,0.000170729,,,0.036779563,simulated_shots=10001;reference_shot_dropped=1
2026-08-08T01:47:44Z,dem,RB_comparison,simulate_depth,11,0.100000000,,10000,,,8,5,14,10000,3,1,298,0.052830542,0.017863971,0.034940203,0,148,148,0,1,,,0.000190796,,,0.053048880,simulated_shots=10001;reference_shot_dropped=1
2026-08-08T01:47:44Z,dem,RB_comparison,simulate_depth,11,0.100000000,,10000,,,8,6,18,10000,3,1,386,0.068195411,0.023033533,0.045114330,0,192,192,0,1,,,0.000185376,,,0.068393671,simulated_shots=10001;reference_shot_dropped=1
2026-08-08T01:47:44Z,dem,RB_comparison,simulate_depth,11,0.100000000,,10000,,,8,7,20,10000,3,1,410,0.069948160,0.023796306,0.046133219,0,204,204,0,1,,,0.000196066,,,0.070159204,simulated_shots=10001;reference_shot_dropped=1
2026-08-08T01:47:44Z,dem,RB_comparison,simulate_depth,11,0.100000000,,10000,,,8,8,22,10000,3,1,438,0.075052863,0.026265121,0.048768996,0,218,218,0,1,,,0.000181067,,,0.075245161,simulated_shots=10001;reference_shot_dropped=1
2026-08-08T01:47:44Z,dem,RB_comparison,simulate_depth,11,0.100000000,,10000,,,9,0,0,10000,3,1,2,0.000637549,0.000551398,0.000032440,0,0,0,0,1,,,0.000145221,,,0.000803399,simulated_shots=10001;reference_shot_dropped=1
2026-08-08T01:47:44Z,dem,RB_comparison,simulate_depth,11,0.100000000,,10000,,,9,1,2,10000,3,1,46,0.008337441,0.003123816,0.005189770,0,22,22,0,1,,,0.000142796,,,0.008490567,simulated_shots=10001;reference_shot_dropped=1
2026-08-08T01:47:44Z,dem,RB_comparison,simulate_depth,11,0.100000000,,10000,,,9,2,4,10000,3,1,86,0.013894277,0.004542994,0.009332819,0,42,42,0,1,,,0.000190305,,,0.014093840,simulated_shots=10001;reference_shot_dropped=1
2026-08-08T01:47:44Z,dem,RB_comparison,simulate_depth,11,0.100000000,,10000,,,9,3,6,10000,3,1,102,0.017966211,0.005725239,0.012221746,0,50,50,0,1,,,0.000154258,,,0.018129716,simulated_shots=10001;reference_shot_dropped=1
2026-08-08T01:47:44Z,dem,RB_comparison,simulate_depth,11,0.100000000,,10000,,,9,4,10,10000,3,1,186,0.031012536,0.010305011,0.020690081,0,92,92,0,1,,,0.000171259,,,0.031193012,simulated_shots=10001;reference_shot_dropped=1
2026-08-08T01:47:44Z,dem,RB_comparison,simulate_depth,11,0.100000000,,10000,,,9,5,14,10000,3,1,278,0.048617264,0.016753679,0.031846162,0,138,138,0,1,,,0.000172201,,,0.048799404,simulated_shots=10001;reference_shot_dropped=1
2026-08-08T01:47:45Z,dem,RB_comparison,simulate_depth,11,0.100000000,,10000,,,9,6,18,10000,3,1,334,0.057435360,0.019835337,0.037582210,0,166,166,0,1,,,0.000179415,,,0.057625546,simulated_shots=10001;reference_shot_dropped=1
2026-08-08T01:47:45Z,dem,RB_comparison,simulate_depth,11,0.100000000,,10000,,,9,7,20,10000,3,1,378,0.067587287,0.023716428,0.043852976,0,188,188,0,1,,,0.000185406,,,0.067783414,simulated_shots=10001;reference_shot_dropped=1
2026-08-08T01:47:45Z,dem,RB_comparison,simulate_depth,11,0.100000000,,10000,,,9,8,22,10000,3,1,426,0.077775150,0.026771106,0.050973467,0,212,212,0,1,,,0.000207177,,,0.078017953,simulated_shots=10001;reference_shot_dropped=1
2026-08-08T01:47:45Z,dem,RB_comparison,simulate_depth,11,0.100000000,,10000,,,10,0,0,10000,3,1,2,0.000444359,0.000395197,0.000015639,0,0,0,0,1,,,0.000124812,,,0.000579230,simulated_shots=10001;reference_shot_dropped=1
2026-08-08T01:47:45Z,dem,RB_comparison,simulate_depth,11,0.100000000,,10000,,,10,1,2,10000,3,1,46,0.007913150,0.002893177,0.005000327,0,22,22,0,1,,,0.000170588,,,0.008092524,simulated_shots=10001;reference_shot_dropped=1
2026-08-08T01:47:45Z,dem,RB_comparison,simulate_depth,11,0.100000000,,10000,,,10,2,4,10000,3,1,90,0.015695417,0.004915809,0.010759781,0,44,44,0,1,,,0.000148427,,,0.015853050,simulated_shots=10001;reference_shot_dropped=1
2026-08-08T01:47:45Z,dem,RB_comparison,simulate_depth,11,0.100000000,,10000,,,10,3,6,10000,3,1,134,0.022380615,0.007103380,0.015260004,0,66,66,0,1,,,0.000202658,,,0.022592160,simulated_shots=10001;reference_shot_dropped=1
2026-08-08T01:47:45Z,dem,RB_comparison,simulate_depth,11,0.100000000,,10000,,,10,4,10,10000,3,1,210,0.034965930,0.010930057,0.024018009,0,104,104,0,1,,,0.000173814,,,0.035148821,simulated_shots=10001;reference_shot_dropped=1
2026-08-08T01:47:45Z,dem,RB_comparison,simulate_depth,11,0.100000000,,10000,,,10,5,14,10000,3,1,274,0.048076255,0.017041767,0.031016695,0,136,136,0,1,,,0.000177300,,,0.048263464,simulated_shots=10001;reference_shot_dropped=1
2026-08-08T01:47:45Z,dem,RB_comparison,simulate_depth,11,0.100000000,,10000,,,10,6,18,10000,3,1,358,0.064214245,0.021572238,0.042615439,0,178,178,0,1,,,0.000177140,,,0.064585468,simulated_shots=10001;reference_shot_dropped=1
2026-08-08T01:47:45Z,dem,RB_comparison,simulate_depth,11,0.100000000,,10000,,,10,7,20,10000,3,1,390,0.068507503,0.023435252,0.045054267,0,194,194,0,1,,,0.000167041,,,0.068691076,simulated_shots=10001;reference_shot_dropped=1
2026-08-08T01:47:45Z,dem,RB_comparison,simulate_depth,11,0.100000000,,10000,,,10,8,22,10000,3,1,438,0.076569982,0.026104933,0.050447366,0,218,218,0,1,,,0.000173353,,,0.076753685,simulated_shots=10001;reference_shot_dropped=1
2026-08-08T01:47:45Z,dem,RB_comparison,simulate_depth,11,0.100000000,,10000,,,11,0,0,10000,3,1,2,0.000327741,0.000292205,0.000018364,0,0,0,0,1,,,0.000131715,,,0.000467742,simulated_shots=10001;reference_shot_dropped=1
2026-08-08T01:47:45Z,dem,RB_comparison,simulate_depth,11,0.100000000,,10000,,,11,1,2,10000,3,1,38,0.006444481,0.002419012,0.004007676,0,18,18,0,1,,,0.000157604,,,0.006611893,simulated_shots=10001;reference_shot_dropped=1
2026-08-08T01:47:45Z,dem,RB_comparison,simulate_depth,11,0.100000000,,10000,,,11,2,4,10000,3,1,74,0.012447518,0.004046588,0.008383758,0,36,36,0,1,,,0.000149620,,,0.012605372,simulated_shots=10001;reference_shot_dropped=1
2026-08-08T01:47:45Z,dem,RB_comparison,simulate_depth,11,0.100000000,,10000,,,11,3,6,10000,3,1,134,0.022922315,0.007816159,0.015089104,0,66,66,0,1,,,0.000166300,,,0.023102782,simulated_shots=10001;reference_shot_dropped=1
2026-08-08T01:47:45Z,dem,RB_comparison,simulate_depth,11,0.100000000,,10000,,,11,4,10,10000,3,1,214,0.037068000,0.010720937,0.026329741,0,106,106,0,1,,,0.000179114,,,0.037256142,simulated_shots=10001;reference_shot_dropped=1
2026-08-08T01:47:45Z,dem,RB_comparison,simulate_depth,11,0.100000000,,10000,,,11,5,14,10000,3,1,278,0.048718131,0.016299864,0.032400965,0,138,138,0,1,,,0.000179835,,,0.048907846,simulated_shots=10001;reference_shot_dropped=1
2026-08-08T01:47:45Z,dem,RB_comparison,simulate_depth,11,0.100000000,,10000,,,11,6,18,10000,3,1,350,0.060452118,0.019696138,0.040738028,0,174,174,0,1,,,0.000168855,,,0.060631343,simulated_shots=10001;reference_shot_dropped=1
2026-08-08T01:47:45Z,dem,RB_comparison,simulate_depth,11,0.100000000,,10000,,,11,7,20,10000,3,1,394,0.067137227,0.022863135,0.044256459,0,196,196,0,1,,,0.000178793,,,0.067326220,simulated_shots=10001;reference_shot_dropped=1
2026-08-08T01:47:45Z,dem,RB_comparison,simulate_depth,11,0.100000000,,10000,,,11,8,22,10000,3,1,442,0.076733517,0.026386497,0.050328816,0,220,220,0,1,,,0.000214731,,,0.076959599,simulated_shots=10001;reference_shot_dropped=1
2026-08-08T01:47:45Z,dem,RB_comparison,simulate_depth,11,0.100000000,,10000,,,12,0,0,10000,3,1,2,0.000350203,0.000310760,0.000017032,0,0,0,0,1,,,0.000137065,,,0.000497007,simulated_shots=10001;reference_shot_dropped=1
2026-08-08T01:47:45Z,dem,RB_comparison,simulate_depth,11,0.100000000,,10000,,,12,1,2,10000,3,1,46,0.008402814,0.002751062,0.005634371,0,22,22,0,1,,,0.000150821,,,0.008562422,simulated_shots=10001;reference_shot_dropped=1
2026-08-08T01:47:45Z,dem,RB_comparison,simulate_depth,11,0.100000000,,10000,,,12,2,4,10000,3,1,98,0.016198123,0.005536006,0.010644675,0,48,48,0,1,,,0.000174887,,,0.016381636,simulated_shots=10001;reference_shot_dropped=1
2026-08-08T01:47:45Z,dem,RB_comparison,simulate_depth,11,0.100000000,,10000,,,12,3,6,10000,3,1,126,0.021282056,0.006700108,0.014563665,0,62,62,0,1,,,0.000186718,,,0.021478622,simulated_shots=10001;reference_shot_dropped=1
2026-08-08T01:47:46Z,dem,RB_comparison,simulate_depth,11,0.100000000,,10000,,,12,4,10,10000,3,1,198,0.032726433,0.010180389,0.022528151,0,98,98,0,1,,,0.000182280,,,0.032917679,simulated_shots=10001;reference_shot_dropped=1
2026-08-08T01:47:46Z,dem,RB_comparison,simulate_depth,11,0.100000000,,10000,,,12,5,14,10000,3,1,310,0.053682331,0.017719682,0.035944545,0,154,154,0,1,,,0.000170247,,,0.053865262,simulated_shots=10001;reference_shot_dropped=1
2026-08-08T01:47:46Z,dem,RB_comparison,simulate_depth,11,0.100000000,,10000,,,12,6,18,10000,3,1,374,0.063742587,0.021675530,0.042049704,0,186,186,0,1,,,0.000182030,,,0.063934374,simulated_shots=10001;reference_shot_dropped=1
2026-08-08T01:47:46Z,dem,RB_comparison,simulate_depth,11,0.100000000,,10000,,,12,7,20,10000,3,1,410,0.070707047,0.024845734,0.045843360,0,204,204,0,1,,,0.000200664,,,0.070918801,simulated_shots=10001;reference_shot_dropped=1
2026-08-08T01:47:46Z,dem,RB_comparison,simulate_depth,11,0.100000000,,10000,,,12,8,22,10000,3,1,470,0.082052137,0.028951171,0.053081862,0,234,234,0,1,,,0.000178523,,,0.082248374,simulated_shots=10001;reference_shot_dropped=1
2026-08-08T01:47:46Z,dem,RB_comparison,simulate_depth,11,0.100000000,,10000,,,13,0,0,10000,3,1,2,0.000417969,0.000372675,0.000018044,0,0,0,0,1,,,0.000121607,,,0.000549014,simulated_shots=10001;reference_shot_dropped=1
2026-08-08T01:47:46Z,dem,RB_comparison,simulate_depth,11,0.100000000,,10000,,,13,1,2,10000,3,1,54,0.009522662,0.003270721,0.006234559,0,26,26,0,1,,,0.000181969,,,0.009716584,simulated_shots=10001;reference_shot_dropped=1
2026-08-08T01:47:46Z,dem,RB_comparison,simulate_depth,11,0.100000000,,10000,,,13,2,4,10000,3,1,98,0.017157473,0.005763120,0.011376440,0,48,48,0,1,,,0.000155019,,,0.017321419,simulated_shots=10001;reference_shot_dropped=1
2026-08-08T01:47:46Z,dem,RB_comparison,simulate_depth,11,0.100000000,,10000,,,13,3,6,10000,3,1,130,0.021120805,0.006667106,0.014436317,0,64,64,0,1,,,0.000159808,,,0.021289630,simulated_shots=10001;reference_shot_dropped=1
2026-08-08T01:47:46Z,dem,RB_comparison,simulate_depth,11,0.100000000,,10000,,,13,4,10,10000,3,1,206,0.035414247,0.010325910,0.025058431,0,102,102,0,1,,,0.000201516,,,0.035643184,simulated_shots=10001;reference_shot_dropped=1
2026-08-08T01:47:46Z,dem,RB_comparison,simulate_depth,11,0.100000000,,10000,,,13,5,14,10000,3,1,282,0.049273416,0.016994028,0.032228885,0,140,140,0,1,,,0.000193952,,,0.049479351,simulated_shots=10001;reference_shot_dropped=1
2026-08-08T01:47:46Z,dem,RB_comparison,simulate_depth,11,0.100000000,,10000,,,13,6,18,10000,3,1,374,0.063545118,0.021279863,0.042247391,0,186,186,0,1,,,0.000179965,,,0.063735483,simulated_shots=10001;reference_shot_dropped=1
2026-08-08T01:47:46Z,dem,RB_comparison,simulate_depth,11,0.100000000,,10000,,,13,7,20,10000,3,1,422,0.072347196,0.025035408,0.047291431,0,210,210,0,1,,,0.000175798,,,0.072533593,simulated_shots=10001;reference_shot_dropped=1
2026-08-08T01:47:46Z,dem,RB_comparison,simulate_depth,11,0.100000000,,10000,,,13,8,22,10000,3,1,466,0.083939028,0.030583094,0.053329403,0,232,232,0,1,,,0.000187340,,,0.084144931,simulated_shots=10001;reference_shot_dropped=1
2026-08-08T01:47:46Z,dem,RB_comparison,simulate_depth,11,0.100000000,,10000,,,14,0,0,10000,3,1,2,0.000422628,0.000372374,0.000017643,0,0,0,0,1,,,0.000123380,,,0.000557920,simulated_shots=10001;reference_shot_dropped=1
2026-08-08T01:47:46Z,dem,RB_comparison,simulate_depth,11,0.100000000,,10000,,,14,1,2,10000,3,1,38,0.006462334,0.002449289,0.003996154,0,18,18,0,1,,,0.000131455,,,0.006608326,simulated_shots=10001;reference_shot_dropped=1
2026-08-08T01:47:46Z,dem,RB_comparison,simulate_depth,11,0.100000000,,10000,,,14,2,4,10000,3,1,74,0.012571379,0.004247092,0.008284874,0,36,36,0,1,,,0.000167883,,,0.012753038,simulated_shots=10001;reference_shot_dropped=1
2026-08-08T01:47:46Z,dem,RB_comparison,simulate_depth,11,0.100000000,,10000,,,14,3,6,10000,3,1,114,0.019939343,0.006569503,0.013351004,0,56,56,0,1,,,0.000158034,,,0.020107546,simulated_shots=10001;reference_shot_dropped=1
2026-08-08T01:47:46Z,dem,RB_comparison,simulate_depth,11,0.100000000,,10000,,,14,4,10,10000,3,1,202,0.032539975,0.010266069,0.022255743,0,100,100,0,1,,,0.000176659,,,0.032727465,simulated_shots=10001;reference_shot_dropped=1
2026-08-08T01:47:46Z,dem,RB_comparison,simulate_depth,11,0.100000000,,10000,,,14,5,14,10000,3,1,270,0.049717936,0.016296657,0.033397995,0,134,134,0,1,,,0.000210392,,,0.049945401,simulated_shots=10001;reference_shot_dropped=1
2026-08-08T01:47:46Z,dem,RB_comparison,simulate_depth,11,0.100000000,,10000,,,14,6,18,10000,3,1,354,0.075842183,0.035352692,0.040452334,0,176,176,0,1,,,0.000204011,,,0.076231560,simulated_shots=10001;reference_shot_dropped=1
2026-08-08T01:47:46Z,dem,RB_comparison,simulate_depth,11,0.100000000,,10000,,,14,7,20,10000,3,1,386,0.066418868,0.022966609,0.043419287,0,192,192,0,1,,,0.000210513,,,0.066646092,simulated_shots=10001;reference_shot_dropped=1
2026-08-08T01:47:47Z,dem,RB_comparison,simulate_depth,11,0.100000000,,10000,,,14,8,22,10000,3,1,418,0.073123233,0.025376414,0.047718696,0,208,208,0,1,,,0.000270134,,,0.073414877,simulated_shots=10001;reference_shot_dropped=1
2026-08-08T01:47:47Z,dem,RB_comparison,simulate_depth,11,0.100000000,,10000,,,15,0,0,10000,3,1,2,0.000448807,0.000387623,0.000022843,0,0,0,0,1,,,0.000197839,,,0.000657506,simulated_shots=10001;reference_shot_dropped=1
2026-08-08T01:47:47Z,dem,RB_comparison,simulate_depth,11,0.100000000,,10000,,,15,1,2,10000,3,1,46,0.007661351,0.002805082,0.004839086,0,22,22,0,1,,,0.000138308,,,0.007807844,simulated_shots=10001;reference_shot_dropped=1
2026-08-08T01:47:47Z,dem,RB_comparison,simulate_depth,11,0.100000000,,10000,,,15,2,4,10000,3,1,94,0.015774494,0.005000417,0.010753939,0,46,46,0,1,,,0.000189012,,,0.015975660,simulated_shots=10001;reference_shot_dropped=1
2026-08-08T01:47:47Z,dem,RB_comparison,simulate_depth,11,0.100000000,,10000,,,15,3,6,10000,3,1,134,0.023056906,0.007544372,0.015487728,0,66,66,0,1,,,0.000188943,,,0.023257802,simulated_shots=10001;reference_shot_dropped=1
2026-08-08T01:47:47Z,dem,RB_comparison,simulate_depth,11,0.100000000,,10000,,,15,4,10,10000,3,1,202,0.033267943,0.010600462,0.022643806,0,100,100,0,1,,,0.000168093,,,0.033446736,simulated_shots=10001;reference_shot_dropped=1
2026-08-08T01:47:47Z,dem,RB_comparison,simulate_depth,11,0.100000000,,10000,,,15,5,14,10000,3,1,258,0.041853888,0.013278488,0.028557287,0,128,128,0,1,,,0.000173153,,,0.042036720,simulated_shots=10001;reference_shot_dropped=1
2026-08-08T01:47:47Z,dem,RB_comparison,simulate_depth,11,0.100000000,,10000,,,15,6,18,10000,3,1,322,0.054253706,0.018682608,0.035553004,0,160,160,0,1,,,0.000194433,,,0.054463638,simulated_shots=10001;reference_shot_dropped=1
2026-08-08T01:47:47Z,dem,RB_comparison,simulate_depth,11,0.100000000,,10000,,,15,7,20,10000,3,1,358,0.060724307,0.021536172,0.039165744,0,178,178,0,1,,,0.000182981,,,0.060919190,simulated_shots=10001;reference_shot_dropped=1
2026-08-08T01:47:47Z,dem,RB_comparison,simulate_depth,11,0.100000000,,10000,,,15,8,22,10000,3,1,386,0.066598373,0.022849149,0.043717865,0,192,192,0,1,,,0.000183142,,,0.066792916,simulated_shots=10001;reference_shot_dropped=1
2026-08-08T01:47:47Z,dem,RB_comparison,simulate_depth,11,0.100000000,,10000,,,16,0,0,10000,3,1,2,0.000341016,0.000302404,0.000017844,0,0,0,0,1,,,0.000119152,,,0.000468744,simulated_shots=10001;reference_shot_dropped=1
2026-08-08T01:47:47Z,dem,RB_comparison,simulate_depth,11,0.100000000,,10000,,,16,1,2,10000,3,1,38,0.006512497,0.002278620,0.004216445,0,18,18,0,1,,,0.000133028,,,0.006657007,simulated_shots=10001;reference_shot_dropped=1
2026-08-08T01:47:47Z,dem,RB_comparison,simulate_depth,11,0.100000000,,10000,,,16,2,4,10000,3,1,86,0.013796253,0.004420705,0.009358215,0,42,42,0,1,,,0.000155570,,,0.013960289,simulated_shots=10001;reference_shot_dropped=1
2026-08-08T01:47:47Z,dem,RB_comparison,simulate_depth,11,0.100000000,,10000,,,16,3,6,10000,3,1,122,0.020567834,0.006348271,0.014202591,0,60,60,0,1,,,0.000162733,,,0.020739554,simulated_shots=10001;reference_shot_dropped=1
2026-08-08T01:47:47Z,dem,RB_comparison,simulate_depth,11,0.100000000,,10000,,,16,4,10,10000,3,1,206,0.033362991,0.010908819,0.022437021,0,102,102,0,1,,,0.000201456,,,0.033573594,simulated_shots=10001;reference_shot_dropped=1
2026-08-08T01:47:47Z,dem,RB_comparison,simulate_depth,11,0.100000000,,10000,,,16,5,14,10000,3,1,266,0.045956921,0.015766619,0.030172519,0,132,132,0,1,,,0.000184986,,,0.046151013,simulated_shots=10001;reference_shot_dropped=1
2026-08-08T01:47:47Z,dem,RB_comparison,simulate_depth,11,0.100000000,,10000,,,16,6,18,10000,3,1,370,0.064840224,0.021678286,0.043106504,0,184,184,0,1,,,0.000257981,,,0.065140664,simulated_shots=10001;reference_shot_dropped=1
2026-08-08T01:47:47Z,dem,RB_comparison,simulate_depth,11,0.100000000,,10000,,,16,7,20,10000,3,1,398,0.068499439,0.023936938,0.044500755,0,198,198,0,1,,,0.000182550,,,0.068698450,simulated_shots=10001;reference_shot_dropped=1
2026-08-08T01:47:47Z,dem,RB_comparison,simulate_depth,11,0.100000000,,10000,,,16,8,22,10000,3,1,442,0.075554458,0.026213384,0.049314795,0,220,220,0,1,,,0.000175438,,,0.075743480,simulated_shots=10001;reference_shot_dropped=1
2026-08-08T01:47:47Z,dem,RB_comparison,simulate_depth,11,0.100000000,,10000,,,17,0,0,10000,3,1,2,0.000402761,0.000361735,0.000018083,0,0,0,0,1,,,0.000126707,,,0.000538034,simulated_shots=10001;reference_shot_dropped=1
2026-08-08T01:47:47Z,dem,RB_comparison,simulate_depth,11,0.100000000,,10000,,,17,1,2,10000,3,1,34,0.005981697,0.002194994,0.003769331,0,16,16,0,1,,,0.000159888,,,0.006149991,simulated_shots=10001;reference_shot_dropped=1
2026-08-08T01:47:47Z,dem,RB_comparison,simulate_depth,11,0.100000000,,10000,,,17,2,4,10000,3,1,86,0.014655275,0.004664851,0.009972841,0,42,42,0,1,,,0.000150571,,,0.014814373,simulated_shots=10001;reference_shot_dropped=1
2026-08-08T01:47:47Z,dem,RB_comparison,simulate_depth,11,0.100000000,,10000,,,17,3,6,10000,3,1,130,0.021253874,0.007160516,0.014076296,0,64,64,0,1,,,0.000180416,,,0.021443196,simulated_shots=10001;reference_shot_dropped=1
2026-08-08T01:47:47Z,dem,RB_comparison,simulate_depth,11,0.100000000,,10000,,,17,4,10,10000,3,1,202,0.034255976,0.010520975,0.023690088,0,100,100,0,1,,,0.000186558,,,0.034471578,simulated_shots=10001;reference_shot_dropped=1
2026-08-08T01:47:47Z,dem,RB_comparison,simulate_depth,11,0.100000000,,10000,,,17,5,14,10000,3,1,266,0.045638557,0.015651795,0.029950956,0,132,132,0,1,,,0.000181439,,,0.045834543,simulated_shots=10001;reference_shot_dropped=1
2026-08-08T01:47:47Z,dem,RB_comparison,simulate_depth,11,0.100000000,,10000,,,17,6,18,10000,3,1,346,0.058982648,0.020028950,0.038931788,0,172,172,0,1,,,0.000185105,,,0.059180778,simulated_shots=10001;reference_shot_dropped=1
2026-08-08T01:47:47Z,dem,RB_comparison,simulate_depth,11,0.100000000,,10000,,,17,7,20,10000,3,1,382,0.065831513,0.022747950,0.043058956,0,190,190,0,1,,,0.000207146,,,0.066053887,simulated_shots=10001;reference_shot_dropped=1
2026-08-08T01:47:48Z,dem,RB_comparison,simulate_depth,11,0.100000000,,10000,,,17,8,22,10000,3,1,430,0.076705736,0.024763670,0.051912009,0,214,214,0,1,,,0.000184824,,,0.077111943,simulated_shots=10001;reference_shot_dropped=1
2026-08-08T01:47:48Z,dem,RB_comparison,simulate_depth,11,0.100000000,,10000,,,18,0,0,10000,3,1,2,0.000461722,0.000402671,0.000024606,0,0,0,0,1,,,0.000151223,,,0.000625887,simulated_shots=10001;reference_shot_dropped=1
2026-08-08T01:47:48Z,dem,RB_comparison,simulate_depth,11,0.100000000,,10000,,,18,1,2,10000,3,1,38,0.006701641,0.002485325,0.004196538,0,18,18,0,1,,,0.000145892,,,0.006862610,simulated_shots=10001;reference_shot_dropped=1
2026-08-08T01:47:48Z,dem,RB_comparison,simulate_depth,11,0.100000000,,10000,,,18,2,4,10000,3,1,90,0.016010233,0.005399983,0.010592257,0,44,44,0,1,,,0.000163545,,,0.016183366,simulated_shots=10001;reference_shot_dropped=1
2026-08-08T01:47:48Z,dem,RB_comparison,simulate_depth,11,0.100000000,,10000,,,18,3,6,10000,3,1,134,0.023785677,0.007587593,0.016179158,0,66,66,0,1,,,0.000172812,,,0.023968678,simulated_shots=10001;reference_shot_dropped=1
2026-08-08T01:47:48Z,dem,RB_comparison,simulate_depth,11,0.100000000,,10000,,,18,4,10,10000,3,1,218,0.037118014,0.012468897,0.024626544,0,108,108,0,1,,,0.000187139,,,0.037315492,simulated_shots=10001;reference_shot_dropped=1
2026-08-08T01:47:48Z,dem,RB_comparison,simulate_depth,11,0.100000000,,10000,,,18,5,14,10000,3,1,314,0.057947066,0.019687703,0.038239307,0,156,156,0,1,,,0.000176579,,,0.058138143,simulated_shots=10001;reference_shot_dropped=1
2026-08-08T01:47:48Z,dem,RB_comparison,simulate_depth,11,0.100000000,,10000,,,18,6,18,10000,3,1,374,0.064063043,0.022237268,0.041798424,0,186,186,0,1,,,0.000198891,,,0.064281330,simulated_shots=10001;reference_shot_dropped=1
2026-08-08T01:47:48Z,dem,RB_comparison,simulate_depth,11,0.100000000,,10000,,,18,7,20,10000,3,1,410,0.069859555,0.023560206,0.046276737,0,204,204,0,1,,,0.000187269,,,0.070062033,simulated_shots=10001;reference_shot_dropped=1
2026-08-08T01:47:48Z,dem,RB_comparison,simulate_depth,11,0.100000000,,10000,,,18,8,22,10000,3,1,450,0.079290186,0.029039206,0.050159209,0,224,224,0,1,,,0.000186798,,,0.079508694,simulated_shots=10001;reference_shot_dropped=1
2026-08-08T01:47:48Z,dem,RB_comparison,simulate_depth,11,0.100000000,,10000,,,19,0,0,10000,3,1,2,0.000417349,0.000375621,0.000016391,0,0,0,0,1,,,0.000118762,,,0.000545668,simulated_shots=10001;reference_shot_dropped=1
2026-08-08T01:47:48Z,dem,RB_comparison,simulate_depth,11,0.100000000,,10000,,,19,1,2,10000,3,1,38,0.006962056,0.002403042,0.004541891,0,18,18,0,1,,,0.000135333,,,0.007106025,simulated_shots=10001;reference_shot_dropped=1
2026-08-08T01:47:48Z,dem,RB_comparison,simulate_depth,11,0.100000000,,10000,,,19,2,4,10000,3,1,66,0.011763532,0.004271237,0.007438295,0,32,32,0,1,,,0.000163776,,,0.011946573,simulated_shots=10001;reference_shot_dropped=1
2026-08-08T01:47:48Z,dem,RB_comparison,simulate_depth,11,0.100000000,,10000,,,19,3,6,10000,3,1,106,0.017802235,0.006165540,0.011619182,0,52,52,0,1,,,0.000154638,,,0.017968936,simulated_shots=10001;reference_shot_dropped=1
2026-08-08T01:47:48Z,dem,RB_comparison,simulate_depth,11,0.100000000,,10000,,,19,4,10,10000,3,1,202,0.033670293,0.010501067,0.023151723,0,100,100,0,1,,,0.000173003,,,0.033852543,simulated_shots=10001;reference_shot_dropped=1
2026-08-08T01:47:48Z,dem,RB_comparison,simulate_depth,11,0.100000000,,10000,,,19,5,14,10000,3,1,278,0.047833933,0.015831209,0.031985131,0,138,138,0,1,,,0.000175467,,,0.048021753,simulated_shots=10001;reference_shot_dropped=1
2026-08-08T01:47:48Z,dem,RB_comparison,simulate_depth,11,0.100000000,,10000,,,19,6,18,10000,3,1,358,0.061760077,0.020839500,0.040902934,0,178,178,0,1,,,0.000170799,,,0.061940755,simulated_shots=10001;reference_shot_dropped=1
2026-08-08T01:47:48Z,dem,RB_comparison,simulate_depth,11,0.100000000,,10000,,,19,7,20,10000,3,1,406,0.068721132,0.023049453,0.045653695,0,202,202,0,1,,,0.000185687,,,0.068917247,simulated_shots=10001;reference_shot_dropped=1
2026-08-08T01:47:48Z,dem,RB_comparison,simulate_depth,11,0.100000000,,10000,,,19,8,22,10000,3,1,446,0.078047017,0.027803882,0.050225372,0,222,222,0,1,,,0.000169907,,,0.078228345,simulated_shots=10001;reference_shot_dropped=1
2026-08-08T01:47:48Z,dem,RB_comparison,simulate_depth,11,0.100000000,,10000,,,20,0,0,10000,3,1,2,0.000359951,0.000322391,0.000020248,0,0,0,0,1,,,0.000126175,,,0.000493581,simulated_shots=10001;reference_shot_dropped=1
2026-08-08T01:47:48Z,dem,RB_comparison,simulate_depth,11,0.100000000,,10000,,,20,1,2,10000,3,1,30,0.005535535,0.002133660,0.003384724,0,14,14,0,1,,,0.000149769,,,0.005693400,simulated_shots=10001;reference_shot_dropped=1
2026-08-08T01:47:48Z,dem,RB_comparison,simulate_depth,11,0.100000000,,10000,,,20,2,4,10000,3,1,82,0.013905969,0.004618334,0.009270613,0,40,40,0,1,,,0.000151964,,,0.014066658,simulated_shots=10001;reference_shot_dropped=1
2026-08-08T01:47:48Z,dem,RB_comparison,simulate_depth,11,0.100000000,,10000,,,20,3,6,10000,3,1,110,0.018172536,0.005948295,0.012205927,0,54,54,0,1,,,0.000183231,,,0.018366177,simulated_shots=10001;reference_shot_dropped=1
2026-08-08T01:47:48Z,dem,RB_comparison,simulate_depth,11,0.100000000,,10000,,,20,4,10,10000,3,1,190,0.031420537,0.009850935,0.021552481,0,94,94,0,1,,,0.000173113,,,0.031602506,simulated_shots=10001;reference_shot_dropped=1
2026-08-08T01:47:48Z,dem,RB_comparison,simulate_depth,11,0.100000000,,10000,,,20,5,14,10000,3,1,282,0.050295384,0.016294783,0.033970724,0,140,140,0,1,,,0.000202588,,,0.050525504,simulated_shots=10001;reference_shot_dropped=1
2026-08-08T01:47:48Z,dem,RB_comparison,simulate_depth,11,0.100000000,,10000,,,20,6,18,10000,3,1,350,0.060973571,0.020442691,0.040481288,0,174,174,0,1,,,0.000175378,,,0.061160761,simulated_shots=10001;reference_shot_dropped=1
2026-08-08T01:47:49Z,dem,RB_comparison,simulate_depth,11,0.100000000,,10000,,,20,7,20,10000,3,1,386,0.065166081,0.022222670,0.042925807,0,192,192,0,1,,,0.000169326,,,0.065345605,simulated_shots=10001;reference_shot_dropped=1
2026-08-08T01:47:49Z,dem,RB_comparison,simulate_depth,11,0.100000000,,10000,,,20,8,22,10000,3,1,438,0.075457628,0.026059188,0.049380145,0,218,218,0,1,,,0.000200163,,,0.075668080,simulated_shots=10001;reference_shot_dropped=1
2026-08-08T01:47:49Z,dem,RB_comparison,simulate_depth,11,0.100000000,,10000,,,21,0,0,10000,3,1,2,0.000345023,0.000288378,0.000019827,0,0,0,0,1,,,0.000123099,,,0.000476088,simulated_shots=10001;reference_shot_dropped=1
2026-08-08T01:47:49Z,dem,RB_comparison,simulate_depth,11,0.100000000,,10000,,,21,1,2,10000,3,1,42,0.007261915,0.002607724,0.004637169,0,20,20,0,1,,,0.000137156,,,0.007407056,simulated_shots=10001;reference_shot_dropped=1
2026-08-08T01:47:49Z,dem,RB_comparison,simulate_depth,11,0.100000000,,10000,,,21,2,4,10000,3,1,90,0.015412539,0.005553699,0.009834314,0,44,44,0,1,,,0.000170217,,,0.015598506,simulated_shots=10001;reference_shot_dropped=1
2026-08-08T01:47:49Z,dem,RB_comparison,simulate_depth,11,0.100000000,,10000,,,21,3,6,10000,3,1,114,0.019939372,0.006645636,0.013246578,0,56,56,0,1,,,0.000159698,,,0.020116863,simulated_shots=10001;reference_shot_dropped=1
2026-08-08T01:47:49Z,dem,RB_comparison,simulate_depth,11,0.100000000,,10000,,,21,4,10,10000,3,1,198,0.032145339,0.010743319,0.021384056,0,98,98,0,1,,,0.000180076,,,0.032334772,simulated_shots=10001;reference_shot_dropped=1
2026-08-08T01:47:49Z,dem,RB_comparison,simulate_depth,11,0.100000000,,10000,,,21,5,14,10000,3,1,310,0.054128284,0.018307609,0.035800356,0,154,154,0,1,,,0.000189924,,,0.054328586,simulated_shots=10001;reference_shot_dropped=1
2026-08-08T01:47:49Z,dem,RB_comparison,simulate_depth,11,0.100000000,,10000,,,21,6,18,10000,3,1,398,0.072223996,0.025956244,0.046220604,0,198,198,0,1,,,0.000217556,,,0.072461168,simulated_shots=10001;reference_shot_dropped=1
2026-08-08T01:47:49Z,dem,RB_comparison,simulate_depth,11,0.100000000,,10000,,,21,7,20,10000,3,1,434,0.078332730,0.026798295,0.051510871,0,216,216,0,1,,,0.000200183,,,0.078776117,simulated_shots=10001;reference_shot_dropped=1
2026-08-08T01:47:49Z,dem,RB_comparison,simulate_depth,11,0.100000000,,10000,,,21,8,22,10000,3,1,458,0.080375410,0.028865952,0.051466248,0,228,228,0,1,,,0.000213969,,,0.080610389,simulated_shots=10001;reference_shot_dropped=1
2026-08-08T01:47:49Z,dem,RB_comparison,simulate_depth,11,0.100000000,,10000,,,22,0,0,10000,3,1,2,0.000531812,0.000467672,0.000022672,0,0,0,0,1,,,0.000158736,,,0.000702340,simulated_shots=10001;reference_shot_dropped=1
2026-08-08T01:47:49Z,dem,RB_comparison,simulate_depth,11,0.100000000,,10000,,,22,1,2,10000,3,1,42,0.007768831,0.002723409,0.005026977,0,20,20,0,1,,,0.000164907,,,0.007942605,simulated_shots=10001;reference_shot_dropped=1
2026-08-08T01:47:49Z,dem,RB_comparison,simulate_depth,11,0.100000000,,10000,,,22,2,4,10000,3,1,86,0.014042774,0.004687654,0.009337717,0,42,42,0,1,,,0.000153376,,,0.014204705,simulated_shots=10001;reference_shot_dropped=1
2026-08-08T01:47:49Z,dem,RB_comparison,simulate_depth,11,0.100000000,,10000,,,22,3,6,10000,3,1,130,0.021870704,0.007321527,0.014532176,0,64,64,0,1,,,0.000156632,,,0.022036013,simulated_shots=10001;reference_shot_dropped=1
2026-08-08T01:47:49Z,dem,RB_comparison,simulate_depth,11,0.100000000,,10000,,,22,4,10,10000,3,1,190,0.031185860,0.009864059,0.021304278,0,94,94,0,1,,,0.000169737,,,0.031368882,simulated_shots=10001;reference_shot_dropped=1
2026-08-08T01:47:49Z,dem,RB_comparison,simulate_depth,11,0.100000000,,10000,,,22,5,14,10000,3,1,278,0.048347550,0.016477865,0.031845890,0,138,138,0,1,,,0.000185416,,,0.048544136,simulated_shots=10001;reference_shot_dropped=1
2026-08-08T01:47:49Z,dem,RB_comparison,simulate_depth,11,0.100000000,,10000,,,22,6,18,10000,3,1,362,0.061628052,0.021036780,0.040572156,0,180,180,0,1,,,0.000174035,,,0.061813759,simulated_shots=10001;reference_shot_dropped=1
2026-08-08T01:47:49Z,dem,RB_comparison,simulate_depth,11,0.100000000,,10000,,,22,7,20,10000,3,1,402,0.070955320,0.023732056,0.047203717,0,200,200,0,1,,,0.000179425,,,0.071147388,simulated_shots=10001;reference_shot_dropped=1
2026-08-08T01:47:49Z,dem,RB_comparison,simulate_depth,11,0.100000000,,10000,,,22,8,22,10000,3,1,450,0.076265594,0.026305706,0.049940181,0,224,224,0,1,,,0.000170779,,,0.076449738,simulated_shots=10001;reference_shot_dropped=1
2026-08-08T01:47:49Z,dem,RB_comparison,simulate_depth,11,0.100000000,,10000,,,23,0,0,10000,3,1,2,0.000344613,0.000310198,0.000015509,0,0,0,0,1,,,0.000131746,,,0.000484073,simulated_shots=10001;reference_shot_dropped=1
2026-08-08T01:47:49Z,dem,RB_comparison,simulate_depth,11,0.100000000,,10000,,,23,1,2,10000,3,1,34,0.006500535,0.002352709,0.004128391,0,16,16,0,1,,,0.000131295,,,0.006640977,simulated_shots=10001;reference_shot_dropped=1
2026-08-08T01:47:49Z,dem,RB_comparison,simulate_depth,11,0.100000000,,10000,,,23,2,4,10000,3,1,78,0.013113880,0.004144811,0.008951757,0,38,38,0,1,,,0.000146653,,,0.013268950,simulated_shots=10001;reference_shot_dropped=1
2026-08-08T01:47:49Z,dem,RB_comparison,simulate_depth,11,0.100000000,,10000,,,23,3,6,10000,3,1,126,0.022978992,0.006630788,0.016330490,0,62,62,0,1,,,0.000181658,,,0.023170639,simulated_shots=10001;reference_shot_dropped=1
2026-08-08T01:47:49Z,dem,RB_comparison,simulate_depth,11,0.100000000,,10000,,,23,4,10,10000,3,1,210,0.036097842,0.010551422,0.025528266,0,104,104,0,1,,,0.000190676,,,0.036298667,simulated_shots=10001;reference_shot_dropped=1
2026-08-08T01:47:50Z,dem,RB_comparison,simulate_depth,11,0.100000000,,10000,,,23,5,14,10000,3,1,294,0.053561686,0.018841103,0.034701167,0,146,146,0,1,,,0.000197539,,,0.053772800,simulated_shots=10001;reference_shot_dropped=1
2026-08-08T01:47:50Z,dem,RB_comparison,simulate_depth,11,0.100000000,,10000,,,23,6,18,10000,3,1,374,0.064788906,0.023668407,0.041098078,0,186,186,0,1,,,0.000166510,,,0.064978421,simulated_shots=10001;reference_shot_dropped=1
2026-08-08T01:47:50Z,dem,RB_comparison,simulate_depth,11,0.100000000,,10000,,,23,7,20,10000,3,1,426,0.072934441,0.025024778,0.047889846,0,212,212,0,1,,,0.000181970,,,0.073127110,simulated_shots=10001;reference_shot_dropped=1
2026-08-08T01:47:50Z,dem,RB_comparison,simulate_depth,11,0.100000000,,10000,,,23,8,22,10000,3,1,486,0.084981172,0.029345387,0.055615717,0,242,242,0,1,,,0.000169727,,,0.085164052,simulated_shots=10001;reference_shot_dropped=1
2026-08-08T01:47:50Z,dem,RB_comparison,simulate_depth,11,0.100000000,,10000,,,24,0,0,10000,3,1,2,0.000348871,0.000312744,0.000016220,0,0,0,0,1,,,0.000128760,,,0.000486026,simulated_shots=10001;reference_shot_dropped=1
2026-08-08T01:47:50Z,dem,RB_comparison,simulate_depth,11,0.100000000,,10000,,,24,1,2,10000,3,1,38,0.007389583,0.002524949,0.004846269,0,18,18,0,1,,,0.000149730,,,0.007556665,simulated_shots=10001;reference_shot_dropped=1
2026-08-08T01:47:50Z,dem,RB_comparison,simulate_depth,11,0.100000000,,10000,,,24,2,4,10000,3,1,86,0.015242031,0.004720585,0.010504524,0,42,42,0,1,,,0.000167031,,,0.015418360,simulated_shots=10001;reference_shot_dropped=1
2026-08-08T01:47:50Z,dem,RB_comparison,simulate_depth,11,0.100000000,,10000,,,24,3,6,10000,3,1,106,0.018316034,0.005745617,0.012552273,0,52,52,0,1,,,0.000152805,,,0.018477254,simulated_shots=10001;reference_shot_dropped=1
2026-08-08T01:47:50Z,dem,RB_comparison,simulate_depth,11,0.100000000,,10000,,,24,4,10,10000,3,1,194,0.033993225,0.010754079,0.023221894,0,96,96,0,1,,,0.000211294,,,0.034214459,simulated_shots=10001;reference_shot_dropped=1
2026-08-08T01:47:50Z,dem,RB_comparison,simulate_depth,11,0.100000000,,10000,,,24,5,14,10000,3,1,254,0.043105964,0.012459771,0.030627800,0,126,126,0,1,,,0.000175578,,,0.043291350,simulated_shots=10001;reference_shot_dropped=1
2026-08-08T01:47:50Z,dem,RB_comparison,simulate_depth,11,0.100000000,,10000,,,24,6,18,10000,3,1,322,0.058044527,0.019076092,0.038949330,0,160,160,0,1,,,0.000172611,,,0.058227769,simulated_shots=10001;reference_shot_dropped=1
2026-08-08T01:47:50Z,dem,RB_comparison,simulate_depth,11,0.100000000,,10000,,,24,7,20,10000,3,1,354,0.066145969,0.022132904,0.043994891,0,176,176,0,1,,,0.000218307,,,0.066376759,simulated_shots=10001;reference_shot_dropped=1
2026-08-08T01:47:50Z,dem,RB_comparison,simulate_depth,11,0.100000000,,10000,,,24,8,22,10000,3,1,414,0.069881156,0.023528416,0.046334275,0,206,206,0,1,,,0.000187109,,,0.070078945,simulated_shots=10001;reference_shot_dropped=1
2026-08-08T01:47:50Z,dem,RB_comparison,simulate_depth,11,0.100000000,,10000,,,25,0,0,10000,3,1,2,0.000347578,0.000306582,0.000015769,0,0,0,0,1,,,0.000116246,,,0.000471589,simulated_shots=10001;reference_shot_dropped=1
2026-08-08T01:47:50Z,dem,RB_comparison,simulate_depth,11,0.100000000,,10000,,,25,1,2,10000,3,1,38,0.006392384,0.002505494,0.003870129,0,18,18,0,1,,,0.000128680,,,0.006529229,simulated_shots=10001;reference_shot_dropped=1
2026-08-08T01:47:50Z,dem,RB_comparison,simulate_depth,11,0.100000000,,10000,,,25,2,4,10000,3,1,74,0.012654063,0.004039475,0.008597938,0,36,36,0,1,,,0.000173213,,,0.012836653,simulated_shots=10001;reference_shot_dropped=1
2026-08-08T01:47:50Z,dem,RB_comparison,simulate_depth,11,0.100000000,,10000,,,25,3,6,10000,3,1,118,0.020463561,0.006802598,0.013643669,0,58,58,0,1,,,0.000155680,,,0.020627877,simulated_shots=10001;reference_shot_dropped=1
2026-08-08T01:47:50Z,dem,RB_comparison,simulate_depth,11,0.100000000,,10000,,,25,4,10,10000,3,1,198,0.031745623,0.009667382,0.022060939,0,98,98,0,1,,,0.000178082,,,0.031932923,simulated_shots=10001;reference_shot_dropped=1
2026-08-08T01:47:50Z,dem,RB_comparison,simulate_depth,11,0.100000000,,10000,,,25,5,14,10000,3,1,282,0.048774637,0.018050188,0.030701126,0,140,140,0,1,,,0.000197588,,,0.048996300,simulated_shots=10001;reference_shot_dropped=1
2026-08-08T01:47:50Z,dem,RB_comparison,simulate_depth,11,0.100000000,,10000,,,25,6,18,10000,3,1,374,0.063150130,0.021859733,0.041245633,0,186,186,0,1,,,0.000195354,,,0.063357577,simulated_shots=10001;reference_shot_dropped=1
2026-08-08T01:47:50Z,dem,RB_comparison,simulate_depth,11,0.100000000,,10000,,,25,7,20,10000,3,1,402,0.068964587,0.023281707,0.045654196,0,200,200,0,1,,,0.000182500,,,0.069157576,simulated_shots=10001;reference_shot_dropped=1
2026-08-08T01:47:50Z,dem,RB_comparison,simulate_depth,11,0.100000000,,10000,,,25,8,22,10000,3,1,438,0.074946624,0.024890647,0.050037984,0,218,218,0,1,,,0.000224068,,,0.075183496,simulated_shots=10001;reference_shot_dropped=1
2026-08-08T01:47:50Z,dem,RB_comparison,simulate_depth,11,0.100000000,,10000,,,26,0,0,10000,3,1,2,0.000368758,0.000332330,0.000018324,0,0,0,0,1,,,0.000147786,,,0.000524528,simulated_shots=10001;reference_shot_dropped=1
2026-08-08T01:47:50Z,dem,RB_comparison,simulate_depth,11,0.100000000,,10000,,,26,1,2,10000,3,1,46,0.008049685,0.002894890,0.005137863,0,22,22,0,1,,,0.000137326,,,0.008194956,simulated_shots=10001;reference_shot_dropped=1
2026-08-08T01:47:50Z,dem,RB_comparison,simulate_depth,11,0.100000000,,10000,,,26,2,4,10000,3,1,90,0.016790068,0.005182607,0.011590539,0,44,44,0,1,,,0.000159939,,,0.016958872,simulated_shots=10001;reference_shot_dropped=1
2026-08-08T01:47:51Z,dem,RB_comparison,simulate_depth,11,0.100000000,,10000,,,26,3,6,10000,3,1,138,0.024292171,0.008294431,0.015978465,0,68,68,0,1,,,0.000207187,,,0.024509197,simulated_shots=10001;reference_shot_dropped=1
2026-08-08T01:47:51Z,dem,RB_comparison,simulate_depth,11,0.100000000,,10000,,,26,4,10,10000,3,1,198,0.032719450,0.010330138,0.022371728,0,98,98,0,1,,,0.000175327,,,0.032904435,simulated_shots=10001;reference_shot_dropped=1
2026-08-08T01:47:51Z,dem,RB_comparison,simulate_depth,11,0.100000000,,10000,,,26,5,14,10000,3,1,290,0.050920190,0.016395452,0.034506865,0,144,144,0,1,,,0.000198851,,,0.051129690,simulated_shots=10001;reference_shot_dropped=1
2026-08-08T01:47:51Z,dem,RB_comparison,simulate_depth,11,0.100000000,,10000,,,26,6,18,10000,3,1,382,0.067807918,0.022920933,0.044853392,0,190,190,0,1,,,0.000398854,,,0.068228753,simulated_shots=10001;reference_shot_dropped=1
2026-08-08T01:47:51Z,dem,RB_comparison,simulate_depth,11,0.100000000,,10000,,,26,7,20,10000,3,1,422,0.071593239,0.024476866,0.047082059,0,210,210,0,1,,,0.000181729,,,0.071788113,simulated_shots=10001;reference_shot_dropped=1
2026-08-08T01:47:51Z,dem,RB_comparison,simulate_depth,11,0.100000000,,10000,,,26,8,22,10000,3,1,462,0.080414814,0.028213265,0.052181791,0,230,230,0,1,,,0.000186417,,,0.080614586,simulated_shots=10001;reference_shot_dropped=1
2026-08-08T01:47:51Z,dem,RB_comparison,simulate_depth,11,0.100000000,,10000,,,27,0,0,10000,3,1,2,0.000359230,0.000322782,0.000017833,0,0,0,0,1,,,0.000117429,,,0.000484564,simulated_shots=10001;reference_shot_dropped=1
2026-08-08T01:47:51Z,dem,RB_comparison,simulate_depth,11,0.100000000,,10000,,,27,1,2,10000,3,1,46,0.007628919,0.002706308,0.004902735,0,22,22,0,1,,,0.000141634,,,0.007788407,simulated_shots=10001;reference_shot_dropped=1
2026-08-08T01:47:51Z,dem,RB_comparison,simulate_depth,11,0.100000000,,10000,,,27,2,4,10000,3,1,94,0.015412309,0.004730173,0.010664874,0,46,46,0,1,,,0.000153516,,,0.015574461,simulated_shots=10001;reference_shot_dropped=1
2026-08-08T01:47:51Z,dem,RB_comparison,simulate_depth,11,0.100000000,,10000,,,27,3,6,10000,3,1,138,0.024500830,0.007190181,0.017293606,0,68,68,0,1,,,0.000165309,,,0.024675095,simulated_shots=10001;reference_shot_dropped=1
2026-08-08T01:47:51Z,dem,RB_comparison,simulate_depth,11,0.100000000,,10000,,,27,4,10,10000,3,1,234,0.039006346,0.011646543,0.027342360,0,116,116,0,1,,,0.000172763,,,0.039188626,simulated_shots=10001;reference_shot_dropped=1
2026-08-08T01:47:51Z,dem,RB_comparison,simulate_depth,11,0.100000000,,10000,,,27,5,14,10000,3,1,298,0.050509343,0.017854474,0.032637216,0,148,148,0,1,,,0.000171920,,,0.050691082,simulated_shots=10001;reference_shot_dropped=1
2026-08-08T01:47:51Z,dem,RB_comparison,simulate_depth,11,0.100000000,,10000,,,27,6,18,10000,3,1,374,0.063788291,0.022287070,0.041483478,0,186,186,0,1,,,0.000170588,,,0.063968918,simulated_shots=10001;reference_shot_dropped=1
2026-08-08T01:47:51Z,dem,RB_comparison,simulate_depth,11,0.100000000,,10000,,,27,7,20,10000,3,1,418,0.071930709,0.024016336,0.047893023,0,208,208,0,1,,,0.000173874,,,0.072295710,simulated_shots=10001;reference_shot_dropped=1
2026-08-08T01:47:51Z,dem,RB_comparison,simulate_depth,11,0.100000000,,10000,,,27,8,22,10000,3,1,478,0.082396050,0.029097694,0.053279841,0,238,238,0,1,,,0.000189082,,,0.082596944,simulated_shots=10001;reference_shot_dropped=1
2026-08-08T01:47:51Z,dem,RB_comparison,simulate_depth,11,0.100000000,,10000,,,28,0,0,10000,3,1,2,0.000345294,0.000307233,0.000018504,0,0,0,0,1,,,0.000120846,,,0.000473623,simulated_shots=10001;reference_shot_dropped=1
2026-08-08T01:47:51Z,dem,RB_comparison,simulate_depth,11,0.100000000,,10000,,,28,1,2,10000,3,1,26,0.004555417,0.001846264,0.002692171,0,12,12,0,1,,,0.000128439,,,0.004692753,simulated_shots=10001;reference_shot_dropped=1
2026-08-08T01:47:51Z,dem,RB_comparison,simulate_depth,11,0.100000000,,10000,,,28,2,4,10000,3,1,78,0.013193860,0.004331609,0.008845549,0,38,38,0,1,,,0.000172873,,,0.013375188,simulated_shots=10001;reference_shot_dropped=1
2026-08-08T01:47:51Z,dem,RB_comparison,simulate_depth,11,0.100000000,,10000,,,28,3,6,10000,3,1,106,0.017620116,0.005714459,0.011888855,0,52,52,0,1,,,0.000152284,,,0.017783941,simulated_shots=10001;reference_shot_dropped=1
2026-08-08T01:47:51Z,dem,RB_comparison,simulate_depth,11,0.100000000,,10000,,,28,4,10,10000,3,1,198,0.031933865,0.010194706,0.021721896,0,98,98,0,1,,,0.000179715,,,0.032122847,simulated_shots=10001;reference_shot_dropped=1
2026-08-08T01:47:51Z,dem,RB_comparison,simulate_depth,11,0.100000000,,10000,,,28,5,14,10000,3,1,266,0.045270541,0.015759075,0.029493573,0,132,132,0,1,,,0.000169777,,,0.045449895,simulated_shots=10001;reference_shot_dropped=1
2026-08-08T01:47:51Z,dem,RB_comparison,simulate_depth,11,0.100000000,,10000,,,28,6,18,10000,3,1,330,0.056338335,0.019088534,0.037232328,0,164,164,0,1,,,0.000170899,,,0.056518973,simulated_shots=10001;reference_shot_dropped=1
2026-08-08T01:47:51Z,dem,RB_comparison,simulate_depth,11,0.100000000,,10000,,,28,7,20,10000,3,1,370,0.063415065,0.021704554,0.041692386,0,184,184,0,1,,,0.000197358,,,0.063626840,simulated_shots=10001;reference_shot_dropped=1
2026-08-08T01:47:52Z,dem,RB_comparison,simulate_depth,11,0.100000000,,10000,,,28,8,22,10000,3,1,422,0.075265970,0.025800665,0.049445288,0,210,210,0,1,,,0.000188973,,,0.075474318,simulated_shots=10001;reference_shot_dropped=1
2026-08-08T01:47:52Z,dem,RB_comparison,simulate_depth,11,0.100000000,,10000,,,29,0,0,10000,3,1,2,0.000387863,0.000349041,0.000017903,0,0,0,0,1,,,0.000119353,,,0.000515381,simulated_shots=10001;reference_shot_dropped=1
2026-08-08T01:47:52Z,dem,RB_comparison,simulate_depth,11,0.100000000,,10000,,,29,1,2,10000,3,1,50,0.008693496,0.003075557,0.005600567,0,24,24,0,1,,,0.000133759,,,0.008846372,simulated_shots=10001;reference_shot_dropped=1
2026-08-08T01:47:52Z,dem,RB_comparison,simulate_depth,11,0.100000000,,10000,,,29,2,4,10000,3,1,110,0.020109218,0.005967291,0.014124345,0,54,54,0,1,,,0.000167182,,,0.020284897,simulated_shots=10001;reference_shot_dropped=1
2026-08-08T01:47:52Z,dem,RB_comparison,simulate_depth,11,0.100000000,,10000,,,29,3,6,10000,3,1,138,0.024406755,0.007748563,0.016637803,0,68,68,0,1,,,0.000165398,,,0.024581300,simulated_shots=10001;reference_shot_dropped=1
2026-08-08T01:47:52Z,dem,RB_comparison,simulate_depth,11,0.100000000,,10000,,,29,4,10,10000,3,1,218,0.036218617,0.011277696,0.024923599,0,108,108,0,1,,,0.000174856,,,0.036402871,simulated_shots=10001;reference_shot_dropped=1
2026-08-08T01:47:52Z,dem,RB_comparison,simulate_depth,11,0.100000000,,10000,,,29,5,14,10000,3,1,294,0.049666570,0.016958872,0.032669346,0,146,146,0,1,,,0.000182581,,,0.049859179,simulated_shots=10001;reference_shot_dropped=1
2026-08-08T01:47:52Z,dem,RB_comparison,simulate_depth,11,0.100000000,,10000,,,29,6,18,10000,3,1,362,0.061959230,0.020803213,0.041138143,0,180,180,0,1,,,0.000181238,,,0.062151940,simulated_shots=10001;reference_shot_dropped=1
2026-08-08T01:47:52Z,dem,RB_comparison,simulate_depth,11,0.100000000,,10000,,,29,7,20,10000,3,1,414,0.071334086,0.024625583,0.046689238,0,206,206,0,1,,,0.000192799,,,0.071541744,simulated_shots=10001;reference_shot_dropped=1
2026-08-08T01:47:52Z,dem,RB_comparison,simulate_depth,11,0.100000000,,10000,,,29,8,22,10000,3,1,466,0.079855540,0.027047259,0.052789185,0,232,232,0,1,,,0.000171270,,,0.080040796,simulated_shots=10001;reference_shot_dropped=1
