check_num,p_index,p,lrb_f,lrb_fidelity,lrb_error_rate,lrb_a,lrb_b,lrb_chi2,lrb_n_points,rb_f,rb_fidelity,rb_error_rate,rb_a,rb_b,rb_chi2,rb_n_points
1,0,3.35981829e-05,0.99999999,0.9999999933333333,6.666666663157628e-09,0.0,0.9999765524648245,0.2156057440917689,9,0.9999980532367002,0.9999987021578001,1.29784219993212e-06,-18.120683653489294,19.120655498534664,0.27111337592003737,9
1,1,0.000615848211,0.9999997900000039,0.9999998600000026,1.3999999737279722e-07,0.0,0.9995841995648367,0.18540507932419723,9,0.9986839795963203,0.9991226530642136,0.0008773469357864494,0.46736943573682654,0.5319234797253701,0.08724967919218499,9
1,2,0.0112883789,0.9999180981916378,0.9999453987944252,5.460120557476689e-05,0.0,0.991691625663343,0.3449051120564375,9,0.9872793902544119,0.9915195935029413,0.008480406497058723,0.0020833887677151226,0.9851299798200859,0.24001176456340503,9
1,3,0.0206130785,0.9997080942682378,0.9998053961788251,0.00019460382117486574,0.0,0.9836847198199312,0.9482629004744582,9,0.976919286461614,0.9846128576410761,0.015387142358923911,-0.0054151319915787385,0.9822506217200294,0.08152918424097043,9
1,4,0.0233572147,0.9995733445945328,0.9997155630630218,0.00028443693697821626,0.0,0.981174577332027,0.6241294219888378,9,0.9731171385376569,0.9820780923584379,0.017921907641562096,0.017746441457948185,0.9563503284419952,0.27353886174253683,9
1,5,0.0311537409,0.9991683291910332,0.9994455527940221,0.0005544472059778593,0.0,0.973391684303277,0.7553431981690297,7,0.9645802907083939,0.9763868604722626,0.02361313952773736,0.007386736305873726,0.9574336114169466,0.15772414940683513,9
1,6,0.0362021775,0.9988510917929778,0.9992340611953185,0.0007659388046814541,0.0,0.9677698085380368,0.7718789938101618,6,0.9591607508167846,0.9727738338778563,0.02722616612214368,0.0026485877512469874,0.9564054226571211,0.18404953630303322,9
1,7,0.0420687089,0.9984457215460854,0.9989638143640569,0.0010361856359430988,0.0,0.9609242115037937,1.0637105545931722,6,0.952837686943246,0.968558457962164,0.031441542037836,-0.0025767706800938453,0.9556148014972965,0.17677967794818997,9
1,8,0.0483293024,0.9974804088503916,0.9983202725669278,0.001679727433072209,0.0,0.9530723442432874,0.5192713164560713,5,0.9449613511007728,0.9633075674005153,0.03669243259948474,0.00791796558740088,0.9373815670719727,0.30321557063161186,9
1,9,0.0547144504,0.9965249516945007,0.9976833011296672,0.0023166988703328117,0.0,0.9445131893099673,0.5157838902522709,5,0.938782639224347,0.9591884261495647,0.04081157385043532,-0.003370874257619812,0.9418982157725583,0.2470958472992704,9
1,10,0.0635808794,0.9939636038807277,0.995975735920485,0.00402426407951495,0.0,0.9313809238854442,0.1625350567768727,4,0.9284817474303648,0.9523211649535765,0.04767883504642345,0.0016789543811222543,0.9264492017745958,0.28224174372063404,9
1,11,0.0738841056,0.9915816053683675,0.994387736912245,0.005612263087754976,0.0,0.914281413674302,0.353128423605946,4,0.9164766636704664,0.944317775780311,0.05568222421968905,0.0019475652881404053,0.9151770410283048,0.1330103643983679,9
1,12,0.0858569606,0.9860951822780961,0.9907301215187307,0.009269878481269256,0.0,0.892114122637047,0.15144417128150361,4,0.9029223319415531,0.9352815546277021,0.06471844537229787,0.0027377506183934963,0.900811320124382,0.3563009809116388,9
1,13,0.0925524149,0.9826955303460891,0.9884636868973927,0.011536313102607276,0.0,0.8785176267664443,0.2633522495811025,3,0.896376792072464,0.9309178613816428,0.06908213861835721,-0.002042053486718541,0.8970447597319209,0.6773305668618195,9
1,14,0.1,0.9784303384313929,0.9856202256209287,0.014379774379071342,0.0,0.8622403531781283,0.0007483385280130038,3,0.886495192270096,0.9243301281800639,0.07566987181993612,0.0037737905110302697,0.8843504868826049,0.34930388982245314,9
1,15,0.143844989,0.9075206818495862,0.9383471212330575,0.061652878766942476,0.0,0.7427152809981284,5.084769813646651e-12,2,0.8377023932459519,0.8918015954973013,0.10819840450269869,0.001665063935187996,0.8363592937409275,0.1070410341826781,9
1,16,0.206913808,0.730602395387952,0.8204015969253012,0.17959840307469876,0.0,0.5125541035557956,4.4790589831566396e-15,2,0.76374799472504,0.8424986631500267,0.15750133684997325,0.005418450235117936,0.7619795531562847,0.5130207033563474,9
1,17,0.335981829,,,,,,,0,0.611085597778288,0.7407237318521919,0.25927626814780813,0.00730377694238619,0.6157061236837117,1.0174826273955173,9
2,0,3.35981829e-05,0.99999999,0.9999999933333333,6.666666663157628e-09,0.0,0.9999765328955807,0.213861982523387,9,0.9999980532367002,0.9999987021578001,1.29784219993212e-06,-18.120683653489294,19.120655498534664,0.27111337592003737,9
2,1,0.000615848211,0.999999387000012,0.9999995913333413,4.0866665873551256e-07,0.0,0.9995841626733784,0.1746596566045659,9,0.9986839795963203,0.9991226530642136,0.0008773469357864494,0.46736943573682654,0.5319234797253701,0.08724967919218499,9
2,2,0.0112883789,0.9997525263049492,0.9998350175366327,0.00016498246336726918,0.0,0.9917160878212898,0.18397621700204858,9,0.9872793902544119,0.9915195935029413,0.008480406497058723,0.0020833887677151226,0.9851299798200859,0.24001176456340503,9
2,3,0.0206130785,0.9991117453662648,0.9994078302441766,0.0005921697558234351,0.0,0.9837249376335228,0.651624027288007,9,0.976919286461614,0.9846128576410761,0.015387142358923911,-0.0054151319915787385,0.9822506217200294,0.08152918424097043,9
2,4,0.0233572147,0.9987787465044248,0.9991858310029498,0.0008141689970502242,0.0,0.981198053377225,0.10484726799078167,9,0.9731171385376569,0.9820780923584379,0.017921907641562096,0.017746441457948185,0.9563503284419952,0.27353886174253683,9
2,5,0.0311537409,0.9976338144473235,0.9984225429648822,0.0015774570351178019,0.0,0.9734160332702448,0.17903256556734376,8,0.9645802907083939,0.9763868604722626,0.02361313952773736,0.007386736305873726,0.9574336114169466,0.15772414940683513,9
2,6,0.0362021775,0.9965734818085301,0.9977156545390201,0.0022843454609798863,0.0,0.9677997092241957,0.0736807707101584,7,0.9591607508167846,0.9727738338778563,0.02722616612214368,0.0026485877512469874,0.9564054226571211,0.18404953630303322,9
2,7,0.0420687089,0.9951667476966648,0.9967778317977766,0.00322216820222343,0.0,0.960964891767539,0.25093942928992174,6,0.952837686943246,0.968558457962164,0.031441542037836,-0.0025767706800938453,0.9556148014972965,0.17677967794818997,9
2,8,0.0483293024,0.9928416687431664,0.995227779162111,0.004772220837888974,0.0,0.9530911031511695,0.07861377913064778,5,0.9449613511007728,0.9633075674005153,0.03669243259948474,0.00791796558740088,0.9373815670719727,0.30321557063161186,9
2,9,0.0547144504,0.9899020958019578,0.9932680638679718,0.00673193613202816,0.0,0.9445466033278406,0.05528436168645476,5,0.938782639224347,0.9591884261495647,0.04081157385043532,-0.003370874257619812,0.9418982157725583,0.2470958472992704,9
2,10,0.0635808794,0.9838258783234821,0.9892172522156547,0.010782747784345292,0.0,0.9314116879954978,0.12117354893676471,5,0.9284817474303648,0.9523211649535765,0.04767883504642345,0.0016789543811222543,0.9264492017745958,0.28224174372063404,9
2,11,0.0738841056,0.9754470964910578,0.9836313976607052,0.016368602339294824,0.0,0.9142937073887705,0.24077895370264008,4,0.9164766636704664,0.944317775780311,0.05568222421968905,0.0019475652881404053,0.9151770410283048,0.1330103643983679,9
2,12,0.0858569606,0.9604221667915565,0.9736147778610377,0.026385222138962328,0.0,0.89212826762435,0.16609841487651997,4,0.9029223319415531,0.9352815546277021,0.06471844537229787,0.0027377506183934963,0.900811320124382,0.3563009809116388,9
2,13,0.0925524149,0.9502407909951839,0.9668271939967893,0.03317280600321071,0.0,0.8785245023827697,0.051317670969924484,4,0.896376792072464,0.9309178613816428,0.06908213861835721,-0.002042053486718541,0.8970447597319209,0.6773305668618195,9
2,14,0.1,0.9349800913003978,0.9566533942002652,0.043346605799734816,0.0,0.8622479320056475,0.21624204180746032,4,0.886495192270096,0.9243301281800639,0.07566987181993612,0.0037737905110302697,0.8843504868826049,0.34930388982245314,9
2,15,0.143844989,0.7413695951726079,0.8275797301150719,0.1724202698849281,0.0,0.742712640830801,0.20108730039105538,3,0.8377023932459519,0.8918015954973013,0.10819840450269869,0.001665063935187996,0.8363592937409275,0.1070410341826781,9
2,16,0.206913808,0.35314560293708797,0.568763735291392,0.431236264708608,0.0,0.5125541037295638,1.1712121312741067e-11,2,0.76374799472504,0.8424986631500267,0.15750133684997325,0.005418450235117936,0.7619795531562847,0.5130207033563474,9
2,17,0.335981829,0.7650439946991199,0.8433626631327465,0.15663733686725345,0.0,0.12690204832468566,1.7319994954193004e-12,2,0.611085597778288,0.7407237318521919,0.25927626814780813,0.00730377694238619,0.6157061236837117,1.0174826273955173,9
3,0,3.35981829e-05,0.99999999,0.9999999933333333,6.666666663157628e-09,0.0,0.9999765174124683,0.21156592352128245,9,0.9999980532367002,0.9999987021578001,1.29784219993212e-06,-18.120683653489294,19.120655498534664,0.27111337592003737,9
3,1,0.000615848211,0.9999988790000222,0.9999992526666815,7.473333184515596e-07,0.0,0.9995829832405869,0.1539018650903987,9,0.9986839795963203,0.9991226530642136,0.0008773469357864494,0.46736943573682654,0.5319234797253701,0.08724967919218499,9
3,2,0.0112883789,0.9994960068310796,0.9996640045540531,0.00033599544594686837,0.0,0.9916363822256162,13.680191669189737,9,0.9872793902544119,0.9915195935029413,0.008480406497058723,0.0020833887677151226,0.9851299798200859,0.24001176456340503,9
3,3,0.0206130785,0.997997337340053,0.9986648915600354,0.0013351084399646496,0.0,0.9836308767950507,18.86628101672642,9,0.976919286461614,0.9846128576410761,0.015387142358923911,-0.0054151319915787385,0.9822506217200294,0.08152918424097043,9
3,4,0.0233572147,0.9972705944295879,0.9981803962863919,0.00181960371360812,0.0,0.9811489921691833,20.794491674209823,9,0.9731171385376569,0.9820780923584379,0.017921907641562096,0.017746441457948185,0.9563503284419952,0.27353886174253683,9
3,5,0.0311537409,0.9944134169617315,0.996275611307821,0.003724388692178948,0.0,0.9733574131213125,23.437911790500753,9,0.9645802907083939,0.9763868604722626,0.02361313952773736,0.007386736305873726,0.9574336114169466,0.15772414940683513,9
3,6,0.0362021775,0.9916769085114615,0.9944512723409744,0.005548727659025587,0.0,0.9677432285648064,25.6929659141394,7,0.9591607508167846,0.9727738338778563,0.02722616612214368,0.0026485877512469874,0.9564054226571211,0.18404953630303322,9
3,7,0.0420687089,0.987027590259448,0.9913517268396319,0.008648273160368092,0.0,0.9608913830718422,31.26627796737589,6,0.952837686943246,0.968558457962164,0.031441542037836,-0.0025767706800938453,0.9556148014972965,0.17677967794818997,9
3,8,0.0483293024,0.9800391903992159,0.9866927935994774,0.013307206400522631,0.0,0.9530343665771727,33.853174156249935,5,0.9449613511007728,0.9633075674005153,0.03669243259948474,0.00791796558740088,0.9373815670719727,0.30321557063161186,9
3,9,0.0547144504,0.9688062706238745,0.9792041804159163,0.02079581958408372,0.0,0.9444695290517815,34.477917454528395,5,0.938782639224347,0.9591884261495647,0.04081157385043532,-0.003370874257619812,0.9418982157725583,0.2470958472992704,9
3,10,0.0635808794,0.9496083770078321,0.9664055846718881,0.033594415328111915,0.0,0.9312842729139743,47.18483786341387,5,0.9284817474303648,0.9523211649535765,0.04767883504642345,0.0016789543811222543,0.9264492017745958,0.28224174372063404,9
3,11,0.0738841056,0.9048727519025447,0.9365818346016965,0.06341816539830347,0.0,0.9142339293395236,38.13103820573392,4,0.9164766636704664,0.944317775780311,0.05568222421968905,0.0019475652881404053,0.9151770410283048,0.1330103643983679,9
3,12,0.0858569606,0.8107167937856641,0.8738111958571094,0.12618880414289058,0.0,0.8920762562242015,33.414804611415704,4,0.9029223319415531,0.9352815546277021,0.06471844537229787,0.0027377506183934963,0.900811320124382,0.3563009809116388,9
3,13,0.0925524149,0.760807194783856,0.8405381298559039,0.15946187014409607,0.0,0.8784908606194012,39.523531080238484,4,0.896376792072464,0.9309178613816428,0.06908213861835721,-0.002042053486718541,0.8970447597319209,0.6773305668618195,9
3,14,0.1,0.663986396720272,0.7759909311468481,0.22400906885315186,0.0,0.8622081612850485,21.252800144209846,4,0.886495192270096,0.9243301281800639,0.07566987181993612,0.0037737905110302697,0.8843504868826049,0.34930388982245314,9
3,15,0.143844989,0.2972928040541439,0.5315285360360958,0.46847146396390416,0.0,0.7427122812140469,6.3534241105892635,3,0.8377023932459519,0.8918015954973013,0.10819840450269869,0.001665063935187996,0.8363592937409275,0.1070410341826781,9
3,16,0.206913808,0.136336807273264,0.42422453818217604,0.5757754618178239,0.0,0.5125539193724696,3.4321093965935816,3,0.76374799472504,0.8424986631500267,0.15750133684997325,0.005418450235117936,0.7619795531562847,0.5130207033563474,9
3,17,0.335981829,0.242394405152112,0.4949296034347413,0.5050703965652588,0.0,0.12689457514300193,3.20628781887558,3,0.611085597778288,0.7407237318521919,0.25927626814780813,0.00730377694238619,0.6157061236837117,1.0174826273955173,9
4,0,3.35981829e-05,0.99999999,0.9999999933333333,6.666666663157628e-09,0.0,0.9999765114864566,0.21936494440008197,9,0.9999980532367002,0.9999987021578001,1.29784219993212e-06,-18.120683653489294,19.120655498534664,0.27111337592003737,9
4,1,0.000615848211,0.9999984167500314,0.999998944500021,1.0554999789746944e-06,0.0,0.9995827255571444,0.26939206296409124,9,0.9986839795963203,0.9991226530642136,0.0008773469357864494,0.46736943573682654,0.5319234797253701,0.08724967919218499,9
4,2,0.0112883789,0.999254684678156,0.9995031231187707,0.0004968768812293467,0.0,0.9916706751900101,6.145077312627612,9,0.9872793902544119,0.9915195935029413,0.008480406497058723,0.0020833887677151226,0.9851299798200859,0.24001176456340503,9
4,3,0.0206130785,0.9968595180028095,0.9979063453352063,0.0020936546647937204,0.0,0.9837099449424439,6.194560185644032,9,0.976919286461614,0.9846128576410761,0.015387142358923911,-0.0054151319915787385,0.9822506217200294,0.08152918424097043,9
4,4,0.0233572147,0.9956106138877875,0.9970737425918582,0.002926257408141786,0.0,0.9811828595075104,6.09633317734539,9,0.9731171385376569,0.9820780923584379,0.017921907641562096,0.017746441457948185,0.9563503284419952,0.27353886174253683,9
4,5,0.0311537409,0.9904935703001283,0.9936623802000856,0.006337619799914429,0.0,0.9734101688554841,6.333889846830556,9,0.9645802907083939,0.9763868604722626,0.02361313952773736,0.007386736305873726,0.9574336114169466,0.15772414940683513,9
4,6,0.0362021775,0.9855340602893184,0.9903560401928789,0.009643959807121072,0.0,0.9677864805120103,6.514264743972382,7,0.9591607508167846,0.9727738338778563,0.02722616612214368,0.0026485877512469874,0.9564054226571211,0.18404953630303322,9
4,7,0.0420687089,0.9775506404489871,0.9850337602993248,0.014966239700675232,0.0,0.9609507444525188,7.393133087587989,6,0.952837686943246,0.968558457962164,0.031441542037836,-0.0025767706800938453,0.9556148014972965,0.17677967794818997,9
4,8,0.0483293024,0.9647509507049807,0.9765006338033205,0.023499366196679472,0.0,0.9530849910540046,6.5480815128260845,6,0.9449613511007728,0.9633075674005153,0.03669243259948474,0.00791796558740088,0.9373815670719727,0.30321557063161186,9
4,9,0.0547144504,0.948011735039765,0.9653411566931767,0.03465884330682334,0.0,0.9445331407328817,7.114645446002365,5,0.938782639224347,0.9591884261495647,0.04081157385043532,-0.003370874257619812,0.9418982157725583,0.2470958472992704,9
4,10,0.0635808794,0.9136586977268258,0.942439131817884,0.05756086818211603,0.0,0.9313843243129725,6.673387965823802,5,0.9284817474303648,0.9523211649535765,0.04767883504642345,0.0016789543811222543,0.9264492017745958,0.28224174372063404,9
4,11,0.0738841056,0.8576503928469921,0.9051002618979948,0.09489973810200525,0.0,0.9142823110111873,4.793976764790393,5,0.9164766636704664,0.944317775780311,0.05568222421968905,0.0019475652881404053,0.9151770410283048,0.1330103643983679,9
4,12,0.0858569606,0.7650175946996479,0.8433450631330986,0.15665493686690135,0.0,0.8921170001280773,4.940635378229994,4,0.9029223319415531,0.9352815546277021,0.06471844537229787,0.0027377506183934963,0.900811320124382,0.3563009809116388,9
4,13,0.0925524149,0.7158631956827358,0.8105754637884907,0.18942453621150934,0.0,0.8785159739535027,3.5787298418604814,4,0.896376792072464,0.9309178613816428,0.06908213861835721,-0.002042053486718541,0.8970447597319209,0.6773305668618195,9
4,14,0.1,0.6434823971303519,0.7623215980869013,0.23767840191309875,0.0,0.8622302688657452,1.9100009778572142,4,0.886495192270096,0.9243301281800639,0.07566987181993612,0.0037737905110302697,0.8843504868826049,0.34930388982245314,9
4,15,0.143844989,0.29721520405569596,0.5314768027037973,0.46852319729620273,0.0,0.742712242425065,7.970947981618577,4,0.8377023932459519,0.8918015954973013,0.10819840450269869,0.001665063935187996,0.8363592937409275,0.1070410341826781,9
4,16,0.206913808,0.136379207272416,0.4242528048482774,0.5757471951517226,0.0,0.5125538843965309,6.164224245526992,4,0.76374799472504,0.8424986631500267,0.15750133684997325,0.005418450235117936,0.7619795531562847,0.5130207033563474,9
4,17,0.335981829,0.24359200512815996,0.49572800341877327,0.5042719965812268,0.0,0.1268863662666682,10.350464461439817,4,0.611085597778288,0.7407237318521919,0.25927626814780813,0.00730377694238619,0.6157061236837117,1.0174826273955173,9
5,0,3.35981829e-05,0.99999999,0.9999999933333333,6.666666663157628e-09,0.0,0.9999764638923945,0.19732847296914804,9,0.9999980532367002,0.9999987021578001,1.29784219993212e-06,-18.120683653489294,19.120655498534664,0.27111337592003737,9
5,1,0.000615848211,0.9999978480000428,0.9999985653333617,1.4346666382669682e-06,0.0,0.9995824426960195,0.40159437689865995,9,0.9986839795963203,0.9991226530642136,0.0008773469357864494,0.46736943573682654,0.5319234797253701,0.08724967919218499,9
5,2,0.0112883789,0.9989577879332939,0.9993051919555294,0.0006948080444706406,0.0,0.991670337395553,22.569690311306697,9,0.9872793902544119,0.9915195935029413,0.008480406497058723,0.0020833887677151226,0.9851299798200859,0.24001176456340503,9
5,3,0.0206130785,0.9954442812411142,0.9969628541607428,0.0030371458392571826,0.0,0.9837462784626959,26.653970263983396,9,0.976919286461614,0.9846128576410761,0.015387142358923911,-0.0054151319915787385,0.9822506217200294,0.08152918424097043,9
5,4,0.0233572147,0.9935915869281681,0.9957277246187788,0.004272275381221213,0.0,0.9811976956918445,30.57743970140933,9,0.9731171385376569,0.9820780923584379,0.017921907641562096,0.017746441457948185,0.9563503284419952,0.27353886174253683,9
5,5,0.0311537409,0.9857705102845896,0.9905136735230599,0.009486326476940143,0.0,0.9734308039480567,40.23193060853227,9,0.9645802907083939,0.9763868604722626,0.02361313952773736,0.007386736305873726,0.9574336114169466,0.15772414940683513,9
5,6,0.0362021775,0.9777079304458413,0.9851386202972275,0.01486137970277246,0.0,0.9678046179559434,55.82684932329543,7,0.9591607508167846,0.9727738338778563,0.02722616612214368,0.0026485877512469874,0.9564054226571211,0.18404953630303322,9
5,7,0.0420687089,0.9638517347229651,0.9759011564819767,0.024098843518023272,0.0,0.9609882119727281,65.20825025232881,6,0.952837686943246,0.968558457962164,0.031441542037836,-0.0025767706800938453,0.9556148014972965,0.17677967794818997,9
5,8,0.0483293024,0.9413188531736226,0.9608792354490818,0.039120764550918175,0.0,0.9531218057587131,82.01925575917146,6,0.9449613511007728,0.9633075674005153,0.03669243259948474,0.00791796558740088,0.9373815670719727,0.30321557063161186,9
5,9,0.0547144504,0.9132864437342708,0.942190962489514,0.05780903751048605,0.0,0.9445866597065137,96.63805524618957,6,0.938782639224347,0.9591884261495647,0.04081157385043532,-0.003370874257619812,0.9418982157725583,0.2470958472992704,9
5,10,0.0635808794,0.8520431929591359,0.9013621286394239,0.09863787136057611,0.0,0.9314786287465332,124.90637078503049,6,0.9284817474303648,0.9523211649535765,0.04767883504642345,0.0016789543811222543,0.9264492017745958,0.28224174372063404,9
5,11,0.0738841056,0.755750394884992,0.837166929923328,0.16283307007667203,0.0,0.9143371334418459,117.54541004350935,6,0.9164766636704664,0.944317775780311,0.05568222421968905,0.0019475652881404053,0.9151770410283048,0.1330103643983679,9
5,12,0.0858569606,0.6381063972378721,0.7587375981585813,0.24126240184141867,0.0,0.8921706714523181,88.6721655589277,5,0.9029223319415531,0.9352815546277021,0.06471844537229787,0.0027377506183934963,0.900811320124382,0.3563009809116388,9
5,13,0.0925524149,0.589912798201744,0.726608532134496,0.27339146786550395,0.0,0.8785522727455335,80.20111742242247,6,0.896376792072464,0.9309178613816428,0.06908213861835721,-0.002042053486718541,0.8970447597319209,0.6773305668618195,9
5,14,0.1,0.5300343993993121,0.6866895995995413,0.31331040040045866,0.0,0.8623002975733578,56.009077521111955,5,0.886495192270096,0.9243301281800639,0.07566987181993612,0.0037737905110302697,0.8843504868826049,0.34930388982245314,9
5,15,0.143844989,0.30311440393771194,0.5354096026251413,0.46459039737485874,0.0,0.742709270229744,7.845131608315093,5,0.8377023932459519,0.8918015954973013,0.10819840450269869,0.001665063935187996,0.8363592937409275,0.1070410341826781,9
5,16,0.206913808,0.13870320722593601,0.425802138150624,0.5741978618493759,0.0,0.5125519605440942,6.269581347600262,4,0.76374799472504,0.8424986631500267,0.15750133684997325,0.005418450235117936,0.7619795531562847,0.5130207033563474,9
5,17,0.335981829,0.2539144049217119,0.5026096032811412,0.49739039671885876,0.0,0.12681110987582012,6.933904192609983,4,0.611085597778288,0.7407237318521919,0.25927626814780813,0.00730377694238619,0.6157061236837117,1.0174826273955173,9
6,0,3.35981829e-05,0.99999999,0.9999999933333333,6.666666663157628e-09,0.0,0.9999764640467554,0.20028702048562766,9,0.9999980532367002,0.9999987021578001,1.29784219993212e-06,-18.120683653489294,19.120655498534664,0.27111337592003737,9
6,1,0.000615848211,0.9999974146875514,0.9999982764583676,1.7235416324146158e-06,0.0,0.9995826950537459,0.4403348934030134,9,0.9986839795963203,0.9991226530642136,0.0008773469357864494,0.46736943573682654,0.5319234797253701,0.08724967919218499,9
6,2,0.0112883789,0.9986796211864073,0.9991197474576049,0.0008802525423950991,0.0,0.9917238487416603,9.145405366649976,9,0.9872793902544119,0.9915195935029413,0.008480406497058723,0.0020833887677151226,0.9851299798200859,0.24001176456340503,9
6,3,0.0206130785,0.9940050572998986,0.9960033715332658,0.003996628466734209,0.0,0.9838264084354452,14.2827906773462,9,0.976919286461614,0.9846128576410761,0.015387142358923911,-0.0054151319915787385,0.9822506217200294,0.08152918424097043,9
6,4,0.0233572147,0.9915119266697612,0.9943412844465075,0.00565871555349251,0.0,0.9812363255134909,17.311548422025453,9,0.9731171385376569,0.9820780923584379,0.017921907641562096,0.017746441457948185,0.9563503284419952,0.27353886174253683,9
6,5,0.0311537409,0.9805941463881167,0.9870627642587445,0.012937235741255493,0.0,0.9734940514102579,33.39097053737228,9,0.9645802907083939,0.9763868604722626,0.02361313952773736,0.007386736305873726,0.9574336114169466,0.15772414940683513,9
6,6,0.0362021775,0.9691578746168422,0.9794385830778948,0.020561416922105225,0.0,0.9678590554075485,49.905972906152286,8,0.9591607508167846,0.9727738338778563,0.02722616612214368,0.0026485877512469874,0.9564054226571211,0.18404953630303322,9
6,7,0.0420687089,0.9522392069552157,0.9681594713034771,0.031840528696522874,0.0,0.9610569170021757,76.51038466497509,7,0.952837686943246,0.968558457962164,0.031441542037836,-0.0025767706800938453,0.9556148014972965,0.17677967794818997,9
6,8,0.0483293024,0.9272664014546718,0.9515109343031144,0.0484890656968856,0.0,0.9531668098917256,91.94501309248756,6,0.9449613511007728,0.9633075674005153,0.03669243259948474,0.00791796558740088,0.9373815670719727,0.30321557063161186,9
6,9,0.0547144504,0.893611192127776,0.9290741280851839,0.07092587191481614,0.0,0.9446460867762791,109.89594587047547,6,0.938782639224347,0.9591884261495647,0.04081157385043532,-0.003370874257619812,0.9418982157725583,0.2470958472992704,9
6,10,0.0635808794,0.838514393229712,0.8923429288198079,0.10765707118019208,0.0,0.9315133441561834,127.25856151370363,6,0.9284817474303648,0.9523211649535765,0.04767883504642345,0.0016789543811222543,0.9264492017745958,0.28224174372063404,9
6,11,0.0738841056,0.745611195087776,0.8304074633918507,0.16959253660814932,0.0,0.9143459745080592,107.626826544599,5,0.9164766636704664,0.944317775780311,0.05568222421968905,0.0019475652881404053,0.9151770410283048,0.1330103643983679,9
6,12,0.0858569606,0.636287197274256,0.7575247981828372,0.24247520181716276,0.0,0.8921716522025138,88.5549863695018,5,0.9029223319415531,0.9352815546277021,0.06471844537229787,0.0027377506183934963,0.900811320124382,0.3563009809116388,9
6,13,0.0925524149,0.587935198241296,0.7252901321608641,0.27470986783913587,0.0,0.8785530715386789,67.5535092621115,5,0.896376792072464,0.9309178613816428,0.06908213861835721,-0.002042053486718541,0.8970447597319209,0.6773305668618195,9
6,14,0.1,0.5307399993852001,0.6871599995901333,0.3128400004098667,0.0,0.8622996235527828,53.5798072218234,5,0.886495192270096,0.9243301281800639,0.07566987181993612,0.0037737905110302697,0.8843504868826049,0.34930388982245314,9
6,15,0.143844989,0.30327760393444797,0.5355184026229654,0.46448159737703465,0.0,0.7427091494348405,9.722469819535112,5,0.8377023932459519,0.8918015954973013,0.10819840450269869,0.001665063935187996,0.8363592937409275,0.1070410341826781,9
6,16,0.206913808,0.13870640722587202,0.4258042714839147,0.5741957285160852,0.0,0.5125519567845466,11.19511541609118,5,0.76374799472504,0.8424986631500267,0.15750133684997325,0.005418450235117936,0.7619795531562847,0.5130207033563474,9
6,17,0.335981829,0.253929604921408,0.502619736614272,0.49738026338572805,0.0,0.1268109489365554,13.523157055722454,5,0.611085597778288,0.7407237318521919,0.25927626814780813,0.00730377694238619,0.6157061236837117,1.0174826273955173,9
7,0,3.35981829e-05,0.99999999,0.9999999933333333,6.666666663157628e-09,0.0,0.9999764616700619,0.19897591006372237,9,0.9999980532367002,0.9999987021578001,1.29784219993212e-06,-18.120683653489294,19.120655498534664,0.27111337592003737,9
7,1,0.000615848211,0.9999967292775651,0.9999978195183767,2.180481623259567e-06,0.0,0.999582564930795,0.4748416172021849,9,0.9986839795963203,0.9991226530642136,0.0008773469357864494,0.46736943573682654,0.5319234797253701,0.08724967919218499,9
7,2,0.0112883789,0.9983083412988328,0.9988722275325553,0.0011277724674446654,0.0,0.9917839308197167,28.945058891758478,9,0.9872793902544119,0.9915195935029413,0.008480406497058723,0.0020833887677151226,0.9851299798200859,0.24001176456340503,9
7,3,0.0206130785,0.9921426207971473,0.9947617471980982,0.0052382528019018215,0.0,0.9839325730722339,65.76793164932279,9,0.976919286461614,0.9846128576410761,0.015387142358923911,-0.0054151319915787385,0.9822506217200294,0.08152918424097043,9
7,4,0.0233572147,0.9889405840311881,0.9926270560207922,0.007372943979207847,0.0,0.9812856745807136,80.67116106293105,9,0.9731171385376569,0.9820780923584379,0.017921907641562096,0.017746441457948185,0.9563503284419952,0.27353886174253683,9
7,5,0.0311537409,0.974585738508285,0.9830571590055234,0.016942840994476627,0.0,0.973561297565693,158.9202054155114,9,0.9645802907083939,0.9763868604722626,0.02361313952773736,0.007386736305873726,0.9574336114169466,0.15772414940683513,9
7,6,0.0362021775,0.9609193067816135,0.9739462045210757,0.02605379547892428,0.0,0.9679044224972218,200.7766454765413,9,0.9591607508167846,0.9727738338778563,0.02722616612214368,0.0026485877512469874,0.9564054226571211,0.18404953630303322,9
7,7,0.0420687089,0.9400652711986942,0.9600435141324629,0.039956485867537084,0.0,0.9611150023833823,266.1895101736362,8,0.952837686943246,0.968558457962164,0.031441542037836,-0.0025767706800938453,0.9556148014972965,0.17677967794818997,9
7,8,0.0483293024,0.9018038719639223,0.9345359146426149,0.06546408535738513,0.0,0.9532283993558046,362.4906262173029,8,0.9449613511007728,0.9633075674005153,0.03669243259948474,0.00791796558740088,0.9373815670719727,0.30321557063161186,9
7,9,0.0547144504,0.838744793225104,0.892496528816736,0.10750347118326398,0.0,0.9447580060486324,483.7093934525895,6,0.938782639224347,0.9591884261495647,0.04081157385043532,-0.003370874257619812,0.9418982157725583,0.2470958472992704,9
7,10,0.0635808794,0.77861599442768,0.8524106629517867,0.1475893370482133,0.0,0.931621324814566,380.6484700735881,6,0.9284817474303648,0.9523211649535765,0.04767883504642345,0.0016789543811222543,0.9264492017745958,0.28224174372063404,9
7,11,0.0738841056,0.675257596494848,0.7835050643298986,0.21649493567010136,0.0,0.9143863266132027,245.08720277245095,6,0.9164766636704664,0.944317775780311,0.05568222421968905,0.0019475652881404053,0.9151770410283048,0.1330103643983679,9
7,12,0.0858569606,0.587756798244864,0.7251711988299094,0.27482880117009056,0.0,0.89219560172355,140.2539045035914,6,0.9029223319415531,0.9352815546277021,0.06471844537229787,0.0027377506183934963,0.900811320124382,0.3563009809116388,9
7,13,0.0925524149,0.550147198997056,0.7000981326647041,0.2999018673352959,0.0,0.8785650956493272,95.27183075683685,6,0.896376792072464,0.9309178613816428,0.06908213861835721,-0.002042053486718541,0.8970447597319209,0.6773305668618195,9
7,14,0.1,0.521725599565488,0.6811503997103253,0.3188496002896747,0.0,0.8623070878543619,58.82682393837477,6,0.886495192270096,0.9243301281800639,0.07566987181993612,0.0037737905110302697,0.8843504868826049,0.34930388982245314,9
7,15,0.143844989,0.306507203869856,0.5376714692465706,0.4623285307534294,0.0,0.7427067072741205,11.767457934279003,6,0.8377023932459519,0.8918015954973013,0.10819840450269869,0.001665063935187996,0.8363592937409275,0.1070410341826781,9
7,16,0.206913808,0.138751207224976,0.425834138149984,0.5741658618500161,0.0,0.5125519063451194,10.113073614223175,5,0.76374799472504,0.8424986631500267,0.15750133684997325,0.005418450235117936,0.7619795531562847,0.5130207033563474,9
7,17,0.335981829,0.25512080489758393,0.5034138699317227,0.49658613006827734,0.0,0.1267986096383306,10.694938165214701,5,0.611085597778288,0.7407237318521919,0.25927626814780813,0.00730377694238619,0.6157061236837117,1.0174826273955173,9
8,0,3.35981829e-05,0.99999999,0.9999999933333333,6.666666663157628e-09,0.0,0.9999764478113571,0.2002483807485761,9,0.9999980532367002,0.9999987021578001,1.29784219993212e-06,-18.120683653489294,19.120655498534664,0.27111337592003737,9
8,1,0.000615848211,0.9999962453700748,0.9999974969133832,2.503086616756356e-06,0.0,0.9995840082841649,0.40840377749785917,9,0.9986839795963203,0.9991226530642136,0.0008773469357864494,0.46736943573682654,0.5319234797253701,0.08724967919218499,9
8,2,0.0112883789,0.9980236655795264,0.9986824437196843,0.0013175562803157126,0.0,0.9918618553539907,30.471443144622476,9,0.9872793902544119,0.9915195935029413,0.008480406497058723,0.0020833887677151226,0.9851299798200859,0.24001176456340503,9
8,3,0.0206130785,0.990850041862999,0.9939000279086659,0.0060999720913340605,0.0,0.9840380164840115,94.6578562151686,9,0.976919286461614,0.9846128576410761,0.015387142358923911,-0.0054151319915787385,0.9822506217200294,0.08152918424097043,9
8,4,0.0233572147,0.987383340252333,0.9915888935015552,0.008411106498444787,0.0,0.9813267385273599,117.82869957603256,9,0.9731171385376569,0.9820780923584379,0.017921907641562096,0.017746441457948185,0.9563503284419952,0.27353886174253683,9
8,5,0.0311537409,0.9718942625621145,0.9812628417080763,0.018737158291923683,0.0,0.9736041886816942,212.4312689217534,9,0.9645802907083939,0.9763868604722626,0.02361313952773736,0.007386736305873726,0.9574336114169466,0.15772414940683513,9
8,6,0.0362021775,0.9575133308497331,0.971675553899822,0.028324446100178036,0.0,0.9679321873738097,255.97577419772315,9,0.9591607508167846,0.9727738338778563,0.02722616612214368,0.0026485877512469874,0.9564054226571211,0.18404953630303322,9
8,7,0.0420687089,0.9348804313023911,0.956586954201594,0.04341304579840599,0.0,0.9611505357728559,326.212931566972,9,0.952837686943246,0.968558457962164,0.031441542037836,-0.0025767706800938453,0.9556148014972965,0.17677967794818997,9
8,8,0.0483293024,0.8938687921226239,0.9292458614150826,0.07075413858491741,0.0,0.9532576856866524,412.521258097435,8,0.9449613511007728,0.9633075674005153,0.03669243259948474,0.00791796558740088,0.9373815670719727,0.30321557063161186,9
8,9,0.0547144504,0.837168793256624,0.8914458621710827,0.10855413782891732,0.0,0.94476308607338,492.176818468793,8,0.938782639224347,0.9591884261495647,0.04081157385043532,-0.003370874257619812,0.9418982157725583,0.2470958472992704,9
8,10,0.0635808794,0.77847599443048,0.85231732962032,0.14768267037967997,0.0,0.9316215949550566,383.90013466879265,7,0.9284817474303648,0.9523211649535765,0.04767883504642345,0.0016789543811222543,0.9264492017745958,0.28224174372063404,9
8,11,0.0738841056,0.6754647964907039,0.7836431976604693,0.2163568023395307,0.0,0.9143860961072691,250.73470550222473,7,0.9164766636704664,0.944317775780311,0.05568222421968905,0.0019475652881404053,0.9151770410283048,0.1330103643983679,9
8,12,0.0858569606,0.587846398243072,0.7252309321620481,0.27476906783795185,0.0,0.8921955213685708,141.31199106434414,6,0.9029223319415531,0.9352815546277021,0.06471844537229787,0.0027377506183934963,0.900811320124382,0.3563009809116388,9
8,13,0.0925524149,0.5501807989963841,0.700120532664256,0.299879467335744,0.0,0.8785650758973819,95.28512355151783,6,0.896376792072464,0.9309178613816428,0.06908213861835721,-0.002042053486718541,0.8970447597319209,0.6773305668618195,9
8,14,0.1,0.5216751995664961,0.6811167997109974,0.31888320028900263,0.0,0.8623071499342715,58.158947348336824,6,0.886495192270096,0.9243301281800639,0.07566987181993612,0.0037737905110302697,0.8843504868826049,0.34930388982245314,9
8,15,0.143844989,0.306504803869904,0.5376698692466026,0.46233013075339735,0.0,0.7427067095412471,10.515424179355747,6,0.8377023932459519,0.8918015954973013,0.10819840450269869,0.001665063935187996,0.8363592937409275,0.1070410341826781,9
8,16,0.206913808,0.138751207224976,0.425834138149984,0.5741658618500161,0.0,0.5125519063454544,14.517495209013543,6,0.76374799472504,0.8424986631500267,0.15750133684997325,0.005418450235117936,0.7619795531562847,0.5130207033563474,9
8,17,0.335981829,0.25512160489756797,0.5034144032650453,0.4965855967349547,0.0,0.12679859803018972,14.894878493061512,6,0.611085597778288,0.7407237318521919,0.25927626814780813,0.00730377694238619,0.6157061236837117,1.0174826273955173,9
9,0,3.35981829e-05,0.99999999,0.9999999933333333,6.666666663157628e-09,0.0,0.9999764345618514,0.191273714419819,9,0.9999980532367002,0.9999987021578001,1.29784219993212e-06,-18.120683653489294,19.120655498534664,0.27111337592003737,9
9,1,0.000615848211,0.9999959659800804,0.999997310653387,2.689346612960719e-06,0.0,0.9995843919828082,0.34187675786217087,9,0.9986839795963203,0.9991226530642136,0.0008773469357864494,0.46736943573682654,0.5319234797253701,0.08724967919218499,9
9,2,0.0112883789,0.9977747539645047,0.9985165026430032,0.0014834973569968213,0.0,0.9919284076584731,40.255850200397866,9,0.9872793902544119,0.9915195935029413,0.008480406497058723,0.0020833887677151226,0.9851299798200859,0.24001176456340503,9
9,3,0.0206130785,0.9897009968259798,0.9931339978839865,0.006866002116013514,0.0,0.9841311497705482,152.7972928825719,9,0.976919286461614,0.9846128576410761,0.015387142358923911,-0.0054151319915787385,0.9822506217200294,0.08152918424097043,9
9,4,0.0233572147,0.986179086276418,0.990786057517612,0.009213942482388049,0.0,0.9813573816237364,181.37924966015947,9,0.9731171385376569,0.9820780923584379,0.017921907641562096,0.017746441457948185,0.9563503284419952,0.27353886174253683,9
9,5,0.0311537409,0.9696044526079106,0.979736301738607,0.02026369826139296,0.0,0.9736400493510065,296.4936255252042,9,0.9645802907083939,0.9763868604722626,0.02361313952773736,0.007386736305873726,0.9574336114169466,0.15772414940683513,9
9,6,0.0362021775,0.9538628229227434,0.9692418819484955,0.030758118051504524,0.0,0.9679600676212027,344.19175339587133,9,0.9591607508167846,0.9727738338778563,0.02722616612214368,0.0026485877512469874,0.9564054226571211,0.18404953630303322,9
9,7,0.0420687089,0.9303612553927747,0.9535741702618498,0.04642582973815024,0.0,0.9611797902601258,414.3073112732516,9,0.952837686943246,0.968558457962164,0.031441542037836,-0.0025767706800938453,0.9556148014972965,0.17677967794818997,9
9,8,0.0483293024,0.8888759922224799,0.9259173281483198,0.07408267185168016,0.0,0.953272865776437,473.3958891815817,9,0.9449613511007728,0.9633075674005153,0.03669243259948474,0.00791796558740088,0.9373815670719727,0.30321557063161186,9
9,9,0.0547144504,0.834636793307264,0.8897578622048427,0.11024213779515735,0.0,0.9447708896368213,509.19712500160404,8,0.938782639224347,0.9591884261495647,0.04081157385043532,-0.003370874257619812,0.9418982157725583,0.2470958472992704,9
9,10,0.0635808794,0.777215194455696,0.8514767963037974,0.14852320369620264,0.0,0.9316248523250795,390.31766156947464,8,0.9284817474303648,0.9523211649535765,0.04767883504642345,0.0016789543811222543,0.9264492017745958,0.28224174372063404,9
9,11,0.0738841056,0.6753455964930879,0.7835637309953919,0.2164362690046081,0.0,0.9143862172644225,247.5811815183709,7,0.9164766636704664,0.944317775780311,0.05568222421968905,0.0019475652881404053,0.9151770410283048,0.1330103643983679,9
9,12,0.0858569606,0.5878799982424,0.7252533321615999,0.27474666783840007,0.0,0.8921954950406256,145.48521350706804,7,0.9029223319415531,0.9352815546277021,0.06471844537229787,0.0027377506183934963,0.900811320124382,0.3563009809116388,9
9,13,0.0925524149,0.5502599989948,0.7001733326632,0.29982666733679997,0.0,0.8785650339434775,99.2032048348997,7,0.896376792072464,0.9309178613816428,0.06908213861835721,-0.002042053486718541,0.8970447597319209,0.6773305668618195,9
9,14,0.1,0.521829599563408,0.6812197330422721,0.3187802669577279,0.0,0.8623069510272863,66.79216413263491,7,0.886495192270096,0.9243301281800639,0.07566987181993612,0.0037737905110302697,0.8843504868826049,0.34930388982245314,9
9,15,0.143844989,0.30651040386979195,0.5376736025798613,0.4623263974201387,0.0,0.7427067042043697,13.006135461002863,6,0.8377023932459519,0.8918015954973013,0.10819840450269869,0.001665063935187996,0.8363592937409275,0.1070410341826781,9
9,16,0.206913808,0.138751207224976,0.425834138149984,0.5741658618500161,0.0,0.5125519063455526,13.220708393486378,6,0.76374799472504,0.8424986631500267,0.15750133684997325,0.005418450235117936,0.7619795531562847,0.5130207033563474,9
9,17,0.335981829,0.25512080489758393,0.5034138699317227,0.49658613006827734,0.0,0.12679860921644118,12.961999863520534,6,0.611085597778288,0.7407237318521919,0.25927626814780813,0.00730377694238619,0.6157061236837117,1.0174826273955173,9
10,0,3.35981829e-05,0.99999999,0.9999999933333333,6.666666663157628e-09,0.0,0.9999764260352904,0.1894454000990639,9,0.9999980532367002,0.9999987021578001,1.29784219993212e-06,-18.120683653489294,19.120655498534664,0.27111337592003737,9
10,1,0.000615848211,0.9999952639875944,0.9999968426583963,3.1573416037211643e-06,0.0,0.9995859317087902,0.5420474426284188,9,0.9986839795963203,0.9991226530642136,0.0008773469357864494,0.46736943573682654,0.5319234797253701,0.08724967919218499,9
10,2,0.0112883789,0.9974043425769129,0.998269561717942,0.0017304382820579889,0.0,0.9920330888221318,97.45927836832307,9,0.9872793902544119,0.9915195935029413,0.008480406497058723,0.0020833887677151226,0.9851299798200859,0.24001176456340503,9
10,3,0.0206130785,0.9879478942410419,0.9919652628273612,0.008034737172638806,0.0,0.9842762487268788,330.0447435328006,9,0.976919286461614,0.9846128576410761,0.015387142358923911,-0.0054151319915787385,0.9822506217200294,0.08152918424097043,9
10,4,0.0233572147,0.9840680863186381,0.9893787242124255,0.010621275787574547,0.0,0.9814138199431038,369.69368623281986,9,0.9731171385376569,0.9820780923584379,0.017921907641562096,0.017746441457948185,0.9563503284419952,0.27353886174253683,9
10,5,0.0311537409,0.9651586506968267,0.9767724337978846,0.023227566202115413,0.0,0.9737087834446109,513.7114911632822,9,0.9645802907083939,0.9763868604722626,0.02361313952773736,0.007386736305873726,0.9574336114169466,0.15772414940683513,9
10,6,0.0362021775,0.9473252710534944,0.964883514035663,0.03511648596433703,0.0,0.9680108927476181,568.1904210562416,9,0.9591607508167846,0.9727738338778563,0.02722616612214368,0.0026485877512469874,0.9564054226571211,0.18404953630303322,9
10,7,0.0420687089,0.9203307115933855,0.9468871410622569,0.05311285893774309,0.0,0.9612400107399086,643.1716814843872,9,0.952837686943246,0.968558457962164,0.031441542037836,-0.0025767706800938453,0.9556148014972965,0.17677967794818997,9
10,8,0.0483293024,0.874398392512032,0.9162655950080213,0.0837344049919787,0.0,0.9533157998103702,669.8116554364765,9,0.9449613511007728,0.9633075674005153,0.03669243259948474,0.00791796558740088,0.9373815670719727,0.30321557063161186,9
10,9,0.0547144504,0.827317593453648,0.8848783956357652,0.1151216043642348,0.0,0.9447918878609839,570.3565871508591,9,0.938782639224347,0.9591884261495647,0.04081157385043532,-0.003370874257619812,0.9418982157725583,0.2470958472992704,9
10,10,0.0635808794,0.772516794549664,0.848344529699776,0.15165547030022397,0.0,0.9316367604548863,409.13472252805934,9,0.9284817474303648,0.9523211649535765,0.04767883504642345,0.0016789543811222543,0.9264492017745958,0.28224174372063404,9
10,11,0.0738841056,0.675408796491824,0.7836058643278827,0.2163941356721173,0.0,0.9143861349550333,254.85157666782803,8,0.9164766636704664,0.944317775780311,0.05568222421968905,0.0019475652881404053,0.9151770410283048,0.1330103643983679,9
10,12,0.0858569606,0.5883159982336801,0.7255439988224534,0.27445600117754665,0.0,0.8921951388946605,147.61664010118145,8,0.9029223319415531,0.9352815546277021,0.06471844537229787,0.0027377506183934963,0.900811320124382,0.3563009809116388,9
10,13,0.0925524149,0.5502663989946721,0.7001775993297814,0.2998224006702186,0.0,0.8785650290252095,102.49788083240784,8,0.896376792072464,0.9309178613816428,0.06908213861835721,-0.002042053486718541,0.8970447597319209,0.6773305668618195,9
10,14,0.1,0.522017599559648,0.6813450663730988,0.3186549336269012,0.0,0.8623067077583327,74.42602340358698,8,0.886495192270096,0.9243301281800639,0.07566987181993612,0.0037737905110302697,0.8843504868826049,0.34930388982245314,9
10,15,0.143844989,0.30651200386975996,0.5376746692465066,0.46232533075349336,0.0,0.7427067027918058,21.10080086269056,8,0.8377023932459519,0.8918015954973013,0.10819840450269869,0.001665063935187996,0.8363592937409275,0.1070410341826781,9
10,16,0.206913808,0.138751207224976,0.425834138149984,0.5741658618500161,0.0,0.5125519063448555,15.52626388407002,7,0.76374799472504,0.8424986631500267,0.15750133684997325,0.005418450235117936,0.7619795531562847,0.5130207033563474,9
10,17,0.335981829,0.25512160489756797,0.5034144032650453,0.4965855967349547,0.0,0.12679859853719708,19.955594868179666,7,0.611085597778288,0.7407237318521919,0.25927626814780813,0.00730377694238619,0.6157061236837117,1.0174826273955173,9
11,0,3.35981829e-05,0.99999999,0.9999999933333333,6.666666663157628e-09,0.0,0.9999764122325597,0.1866560827798921,9,0.9999980532367002,0.9999987021578001,1.29784219993212e-06,-18.120683653489294,19.120655498534664,0.27111337592003737,9
11,1,0.000615848211,0.9999944765701102,0.9999963177134067,3.6822865933094917e-06,0.0,0.9995865611619537,1.046714814334192,9,0.9986839795963203,0.9991226530642136,0.0008773469357864494,0.46736943573682654,0.5319234797253701,0.08724967919218499,9
11,2,0.0112883789,0.9971108482977827,0.9980738988651886,0.0019261011348113977,0.0,0.9921096303242922,191.43622524089818,9,0.9872793902544119,0.9915195935029413,0.008480406497058723,0.0020833887677151226,0.9851299798200859,0.24001176456340503,9
11,3,0.0206130785,0.9872395782552081,0.9914930521701387,0.008506947829861278,0.0,0.9843273875560854,545.9964128908982,9,0.976919286461614,0.9846128576410761,0.015387142358923911,-0.0054151319915787385,0.9822506217200294,0.08152918424097043,9
11,4,0.0233572147,0.982337390353252,0.988224926902168,0.01177507309783199,0.0,0.9814566306217597,665.761721103633,9,0.9731171385376569,0.9820780923584379,0.017921907641562096,0.017746441457948185,0.9563503284419952,0.27353886174253683,9
11,5,0.0311537409,0.959385936812281,0.972923957874854,0.027076042125146027,0.0,0.9737886514678803,1013.0468846831019,9,0.9645802907083939,0.9763868604722626,0.02361313952773736,0.007386736305873726,0.9574336114169466,0.15772414940683513,9
11,6,0.0362021775,0.9326522613469546,0.9551015075646364,0.04489849243536359,0.0,0.9681067420102756,1268.4362559082426,9,0.9591607508167846,0.9727738338778563,0.02722616612214368,0.0026485877512469874,0.9564054226571211,0.18404953630303322,9
11,7,0.0420687089,0.8898551922028959,0.926570128135264,0.07342987186473604,0.0,0.9613933379288234,1567.9300729851898,9,0.952837686943246,0.968558457962164,0.031441542037836,-0.0025767706800938453,0.9556148014972965,0.17677967794818997,9
11,8,0.0483293024,0.8409271931814559,0.8939514621209707,0.10604853787902935,0.0,0.9533947000269549,1259.6543973233256,9,0.9449613511007728,0.9633075674005153,0.03669243259948474,0.00791796558740088,0.9373815670719727,0.30321557063161186,9
11,9,0.0547144504,0.801326393973472,0.867550929315648,0.13244907068435197,0.0,0.9448549508304469,817.9417766579542,9,0.938782639224347,0.9591884261495647,0.04081157385043532,-0.003370874257619812,0.9418982157725583,0.2470958472992704,9
11,10,0.0635808794,0.7479079950418399,0.8319386633612266,0.16806133663877343,0.0,0.9316893769578836,519.7972513090187,9,0.9284817474303648,0.9523211649535765,0.04767883504642345,0.0016789543811222543,0.9264492017745958,0.28224174372063404,9
11,11,0.0738841056,0.668275196634496,0.7788501310896639,0.22114986891033606,0.0,0.9143925010950793,265.30800860628483,9,0.9164766636704664,0.944317775780311,0.05568222421968905,0.0019475652881404053,0.9151770410283048,0.1330103643983679,9
11,12,0.0858569606,0.5882143982357121,0.7254762654904748,0.27452373450952516,0.0,0.8921952128229439,152.46964509973262,9,0.9029223319415531,0.9352815546277021,0.06471844537229787,0.0027377506183934963,0.900811320124382,0.3563009809116388,9
11,13,0.0925524149,0.550992798980144,0.7006618659867626,0.2993381340132374,0.0,0.8785646416215556,101.98258192254167,9,0.896376792072464,0.9309178613816428,0.06908213861835721,-0.002042053486718541,0.8970447597319209,0.6773305668618195,9
11,14,0.1,0.522365599552688,0.6815770663684587,0.3184229336315413,0.0,0.8623062561976687,71.9845125746064,9,0.886495192270096,0.9243301281800639,0.07566987181993612,0.0037737905110302697,0.8843504868826049,0.34930388982245314,9
11,15,0.143844989,0.3065520038689599,0.53770133591264,0.46229866408736,0.0,0.7427066650647876,25.030939871936397,8,0.8377023932459519,0.8918015954973013,0.10819840450269869,0.001665063935187996,0.8363592937409275,0.1070410341826781,9
11,16,0.206913808,0.13875200722496,0.4258346714833066,0.5741653285166934,0.0,0.5125519050338657,24.69343701699335,8,0.76374799472504,0.8424986631500267,0.15750133684997325,0.005418450235117936,0.7619795531562847,0.5130207033563474,9
11,17,0.335981829,0.25513360489732795,0.5034224032648853,0.4965775967351147,0.0,0.12679845131091777,24.073729137682815,8,0.611085597778288,0.7407237318521919,0.25927626814780813,0.00730377694238619,0.6157061236837117,1.0174826273955173,9
12,0,3.35981829e-05,0.99999999,0.9999999933333333,6.666666663157628e-09,0.0,0.9999764052418281,0.18311795156466198,9,0.9999980532367002,0.9999987021578001,1.29784219993212e-06,-18.120683653489294,19.120655498534664,0.27111337592003737,9
12,1,0.000615848211,0.9999939177901214,0.9999959451934143,4.054806585718218e-06,0.0,0.9995888967781704,0.929217728568975,9,0.9986839795963203,0.9991226530642136,0.0008773469357864494,0.46736943573682654,0.5319234797253701,0.08724967919218499,9
12,2,0.0112883789,0.9968921710621563,0.9979281140414376,0.002071885958562447,0.0,0.9921733962379619,258.22812683644264,9,0.9872793902544119,0.9915195935029413,0.008480406497058723,0.0020833887677151226,0.9851299798200859,0.24001176456340503,9
12,3,0.0206130785,0.9863277802734441,0.9908851868489629,0.009114813151037127,0.0,0.984405899894372,709.5442312546235,9,0.976919286461614,0.9846128576410761,0.015387142358923911,-0.0054151319915787385,0.9822506217200294,0.08152918424097043,9
12,4,0.0233572147,0.9814590063708197,0.9876393375805465,0.01236066241945355,0.0,0.9814799841734446,802.7267582051015,9,0.9731171385376569,0.9820780923584379,0.017921907641562096,0.017746441457948185,0.9563503284419952,0.27353886174253683,9
12,5,0.0311537409,0.9549293509014127,0.9699529006009419,0.03004709939905814,0.0,0.9738583072165883,1260.4180456124648,9,0.9645802907083939,0.9763868604722626,0.02361313952773736,0.007386736305873726,0.9574336114169466,0.15772414940683513,9
12,6,0.0362021775,0.9297335314053292,0.9531556876035528,0.04684431239644715,0.0,0.9681283350166843,1372.9259725020604,9,0.9591607508167846,0.9727738338778563,0.02722616612214368,0.0026485877512469874,0.9564054226571211,0.18404953630303322,9
12,7,0.0420687089,0.88860399222792,0.9257359948186134,0.07426400518138665,0.0,0.9614006629488389,1593.5779517778117,9,0.952837686943246,0.968558457962164,0.031441542037836,-0.0025767706800938453,0.9556148014972965,0.17677967794818997,9
12,8,0.0483293024,0.840787193184256,0.8938581287895039,0.10614187121049612,0.0,0.9533950203506867,1263.5545931335446,9,0.9449613511007728,0.9633075674005153,0.03669243259948474,0.00791796558740088,0.9373815670719727,0.30321557063161186,9
12,9,0.0547144504,0.8011671939766559,0.8674447959844374,0.13255520401556264,0.0,0.9448554455928528,814.9617697554532,9,0.938782639224347,0.9591884261495647,0.04081157385043532,-0.003370874257619812,0.9418982157725583,0.2470958472992704,9
12,10,0.0635808794,0.7478191950436159,0.8318794633624106,0.1681205366375894,0.0,0.931689593903222,516.7464673263327,9,0.9284817474303648,0.9523211649535765,0.04767883504642345,0.0016789543811222543,0.9264492017745958,0.28224174372063404,9
12,11,0.0738841056,0.6682111966357759,0.7788074644238506,0.22119253557614937,0.0,0.9143925752804364,260.0322529915071,9,0.9164766636704664,0.944317775780311,0.05568222421968905,0.0019475652881404053,0.9151770410283048,0.1330103643983679,9
12,12,0.0858569606,0.588192798236144,0.7254618654907627,0.27453813450923725,0.0,0.8921952349480421,152.82860722675514,9,0.9029223319415531,0.9352815546277021,0.06471844537229787,0.0027377506183934963,0.900811320124382,0.3563009809116388,9
12,13,0.0925524149,0.5510055989798879,0.7006703993199253,0.29932960068007475,0.0,0.8785646329964272,109.79964130940265,9,0.896376792072464,0.9309178613816428,0.06908213861835721,-0.002042053486718541,0.8970447597319209,0.6773305668618195,9
12,14,0.1,0.5223575995528481,0.6815717330352321,0.3184282669647679,0.0,0.8623062680943345,67.95027208109377,9,0.886495192270096,0.9243301281800639,0.07566987181993612,0.0037737905110302697,0.8843504868826049,0.34930388982245314,9
12,15,0.143844989,0.3065520038689599,0.53770133591264,0.46229866408736,0.0,0.7427066650523555,23.5923164246759,9,0.8377023932459519,0.8918015954973013,0.10819840450269869,0.001665063935187996,0.8363592937409275,0.1070410341826781,9
12,16,0.206913808,0.13875200722496,0.4258346714833066,0.5741653285166934,0.0,0.5125519050338656,29.478735914702646,9,0.76374799472504,0.8424986631500267,0.15750133684997325,0.005418450235117936,0.7619795531562847,0.5130207033563474,9
12,17,0.335981829,0.25513360489732795,0.5034224032648853,0.4965775967351147,0.0,0.12679845131204004,23.801758654950575,9,0.611085597778288,0.7407237318521919,0.25927626814780813,0.00730377694238619,0.6157061236837117,1.0174826273955173,9
13,0,3.35981829e-05,0.99999999,0.9999999933333333,6.666666663157628e-09,0.0,0.9999763833528219,0.17876579343244225,9,0.9999980532367002,0.9999987021578001,1.29784219993212e-06,-18.120683653489294,19.120655498534664,0.27111337592003737,9
13,1,0.000615848211,0.9999936215663773,0.9999957477109183,4.252289081740912e-06,0.0,0.9995896943109852,0.7983804969798922,9,0.9986839795963203,0.9991226530642136,0.0008773469357864494,0.46736943573682654,0.5319234797253701,0.08724967919218499,9
13,2,0.0112883789,0.9967821794243561,0.997854786282904,0.002145213717095973,0.0,0.9922040333237491,307.944514282623,9,0.9872793902544119,0.9915195935029413,0.008480406497058723,0.0020833887677151226,0.9851299798200859,0.24001176456340503,9
13,3,0.0206130785,0.9857618462847628,0.9905078975231753,0.009492102476824749,0.0,0.9844523801729422,855.1053765870347,9,0.976919286461614,0.9846128576410761,0.015387142358923911,-0.0054151319915787385,0.9822506217200294,0.08152918424097043,9
13,4,0.0233572147,0.9799638304007231,0.986642553600482,0.01335744639951797,0.0,0.9815207244495878,1048.7947099878504,9,0.9731171385376569,0.9820780923584379,0.017921907641562096,0.017746441457948185,0.9563503284419952,0.27353886174253683,9
13,5,0.0311537409,0.9522619109547616,0.9681746073031744,0.031825392696825605,0.0,0.9738970162153844,1481.4070012137186,9,0.9645802907083939,0.9763868604722626,0.02361313952773736,0.007386736305873726,0.9574336114169466,0.15772414940683513,9
13,6,0.0362021775,0.9289276034214476,0.9526184022809652,0.04738159771903483,0.0,0.968133631308923,1431.2136106111288,9,0.9591607508167846,0.9727738338778563,0.02722616612214368,0.0026485877512469874,0.9564054226571211,0.18404953630303322,9
13,7,0.0420687089,0.885988792280224,0.9239925281868159,0.07600747181318412,0.0,0.9614153071811343,1658.3251045190666,9,0.952837686943246,0.968558457962164,0.031441542037836,-0.0025767706800938453,0.9556148014972965,0.17677967794818997,9
13,8,0.0483293024,0.8393191932136159,0.8928794621424107,0.10712053785758935,0.0,0.9533992520911139,1277.324015666194,9,0.9449613511007728,0.9633075674005153,0.03669243259948474,0.00791796558740088,0.9373815670719727,0.30321557063161186,9
13,9,0.0547144504,0.800642393987152,0.8670949293247681,0.13290507067523194,0.0,0.9448569465035251,818.9258111488475,9,0.938782639224347,0.9591884261495647,0.04081157385043532,-0.003370874257619812,0.9418982157725583,0.2470958472992704,9
13,10,0.0635808794,0.7478871950422559,0.8319247966948372,0.1680752033051628,0.0,0.9316894138819125,517.2145976002088,9,0.9284817474303648,0.9523211649535765,0.04767883504642345,0.0016789543811222543,0.9264492017745958,0.28224174372063404,9
13,11,0.0738841056,0.6682911966341759,0.7788607977561174,0.22113920224388262,0.0,0.9143924813811682,262.98506677614824,9,0.9164766636704664,0.944317775780311,0.05568222421968905,0.0019475652881404053,0.9151770410283048,0.1330103643983679,9
13,12,0.0858569606,0.588204798235904,0.7254698654906027,0.27453013450939734,0.0,0.8921952216497293,153.7493342984868,9,0.9029223319415531,0.9352815546277021,0.06471844537229787,0.0027377506183934963,0.900811320124382,0.3563009809116388,9
13,13,0.0925524149,0.551009598979808,0.7006730659865387,0.29932693401346133,0.0,0.8785646303469692,106.10773394154437,9,0.896376792072464,0.9309178613816428,0.06908213861835721,-0.002042053486718541,0.8970447597319209,0.6773305668618195,9
13,14,0.1,0.5223671995526561,0.6815781330351042,0.31842186696489583,0.0,0.8623062535458368,66.97269951158141,9,0.886495192270096,0.9243301281800639,0.07566987181993612,0.0037737905110302697,0.8843504868826049,0.34930388982245314,9
13,15,0.143844989,0.3065520038689599,0.53770133591264,0.46229866408736,0.0,0.7427066650511517,24.196106721514518,9,0.8377023932459519,0.8918015954973013,0.10819840450269869,0.001665063935187996,0.8363592937409275,0.1070410341826781,9
13,16,0.206913808,0.13875200722496,0.4258346714833066,0.5741653285166934,0.0,0.5125519050338656,26.002937650330132,9,0.76374799472504,0.8424986631500267,0.15750133684997325,0.005418450235117936,0.7619795531562847,0.5130207033563474,9
13,17,0.335981829,0.25513360489732795,0.5034224032648853,0.4965775967351147,0.0,0.12679845130855877,25.543569865023073,9,0.611085597778288,0.7407237318521919,0.25927626814780813,0.00730377694238619,0.6157061236837117,1.0174826273955173,9
14,0,3.35981829e-05,0.99999999,0.9999999933333333,6.666666663157628e-09,0.0,0.999976361335483,0.17582889782817526,9,0.9999980532367002,0.9999987021578001,1.29784219993212e-06,-18.120683653489294,19.120655498534664,0.27111337592003737,9
14,1,0.000615848211,0.9999932469526348,0.9999954979684231,4.5020315768695696e-06,0.0,0.9995905420670393,0.6938395758649285,9,0.9986839795963203,0.9991226530642136,0.0008773469357864494,0.46736943573682654,0.5319234797253701,0.08724967919218499,9
14,2,0.0112883789,0.9967107269457851,0.9978071512971901,0.002192848702809891,0.0,0.9922239596562673,380.7476938127228,9,0.9872793902544119,0.9915195935029413,0.008480406497058723,0.0020833887677151226,0.9851299798200859,0.24001176456340503,9
14,3,0.0206130785,0.9854104002917917,0.9902736001945277,0.009726399805472297,0.0,0.984480386317704,1036.191291205408,9,0.976919286461614,0.9846128576410761,0.015387142358923911,-0.0054151319915787385,0.9822506217200294,0.08152918424097043,9
14,4,0.0233572147,0.9783423724331525,0.9855615816221016,0.014438418377898388,0.0,0.9815624613237689,1394.7902739311096,9,0.9731171385376569,0.9820780923584379,0.017921907641562096,0.017746441457948185,0.9563503284419952,0.27353886174253683,9
14,5,0.0311537409,0.9492247310155052,0.9661498206770034,0.03385017932299661,0.0,0.9739407743803143,1768.8402481031826,9,0.9645802907083939,0.9763868604722626,0.02361313952773736,0.007386736305873726,0.9574336114169466,0.15772414940683513,9
14,6,0.0362021775,0.9247406775051862,0.9498271183367907,0.05017288166320932,0.0,0.9681635722284521,1624.9729136936583,9,0.9591607508167846,0.9727738338778563,0.02722616612214368,0.0026485877512469874,0.9564054226571211,0.18404953630303322,9
14,7,0.0420687089,0.8820535923589279,0.9213690615726186,0.07863093842738145,0.0,0.9614366997988467,1767.580405404588,9,0.952837686943246,0.968558457962164,0.031441542037836,-0.0025767706800938453,0.9556148014972965,0.17677967794818997,9
14,8,0.0483293024,0.8375375932492479,0.891691728832832,0.10830827116716801,0.0,0.953404218249536,1301.253494239162,9,0.9449613511007728,0.9633075674005153,0.03669243259948474,0.00791796558740088,0.9373815670719727,0.30321557063161186,9
14,9,0.0547144504,0.8003879939922399,0.8669253293281599,0.1330746706718401,0.0,0.9448576521717234,821.1073867615949,9,0.938782639224347,0.9591884261495647,0.04081157385043532,-0.003370874257619812,0.9418982157725583,0.2470958472992704,9
14,10,0.0635808794,0.7478015950439679,0.8318677300293119,0.1681322699706881,0.0,0.9316896291659263,516.9179848322652,9,0.9284817474303648,0.9523211649535765,0.04767883504642345,0.0016789543811222543,0.9264492017745958,0.28224174372063404,9
14,11,0.0738841056,0.6683831966323358,0.7789221310882238,0.22107786891177617,0.0,0.9143923794513645,260.613850760223,9,0.9164766636704664,0.944317775780311,0.05568222421968905,0.0019475652881404053,0.9151770410283048,0.1330103643983679,9
14,12,0.0858569606,0.588307198233856,0.7255381321559039,0.2744618678440961,0.0,0.8921951169047816,153.1312677627066,9,0.9029223319415531,0.9352815546277021,0.06471844537229787,0.0027377506183934963,0.900811320124382,0.3563009809116388,9
14,13,0.0925524149,0.55104799897904,0.7006986659860267,0.2993013340139733,0.0,0.8785646046456682,107.98132722720736,9,0.896376792072464,0.9309178613816428,0.06908213861835721,-0.002042053486718541,0.8970447597319209,0.6773305668618195,9
14,14,0.1,0.5223703995525921,0.6815802663683947,0.31841973363160525,0.0,0.8623062486512693,67.76697668958101,9,0.886495192270096,0.9243301281800639,0.07566987181993612,0.0037737905110302697,0.8843504868826049,0.34930388982245314,9
14,15,0.143844989,0.3065520038689599,0.53770133591264,0.46229866408736,0.0,0.7427066650508484,22.758583373313826,9,0.8377023932459519,0.8918015954973013,0.10819840450269869,0.001665063935187996,0.8363592937409275,0.1070410341826781,9
14,16,0.206913808,0.13875200722496,0.4258346714833066,0.5741653285166934,0.0,0.5125519050338658,23.830554717279632,9,0.76374799472504,0.8424986631500267,0.15750133684997325,0.005418450235117936,0.7619795531562847,0.5130207033563474,9
14,17,0.335981829,0.25513360489732795,0.5034224032648853,0.4965775967351147,0.0,0.12679845131344092,30.323195107665256,9,0.611085597778288,0.7407237318521919,0.25927626814780813,0.00730377694238619,0.6157061236837117,1.0174826273955173,9
15,0,3.35981829e-05,0.99999999,0.9999999933333333,6.666666663157628e-09,0.0,0.9999763465279382,0.17543281376616324,9,0.9999980532367002,0.9999987021578001,1.29784219993212e-06,-18.120683653489294,19.120655498534664,0.27111337592003737,9
15,1,0.000615848211,0.9999926974688959,0.9999951316459305,4.868354069542669e-06,0.0,0.9995915226519644,1.4682258304189386,9,0.9986839795963203,0.9991226530642136,0.0008773469357864494,0.46736943573682654,0.5319234797253701,0.08724967919218499,9
15,2,0.0112883789,0.996465891490682,0.9976439276604546,0.0023560723395453786,0.0,0.9922950217620226,577.9199716598066,9,0.9872793902544119,0.9915195935029413,0.008480406497058723,0.0020833887677151226,0.9851299798200859,0.24001176456340503,9
15,3,0.0206130785,0.9836825343263491,0.9891216895508994,0.010878310449100592,0.0,0.9846208300249945,1621.4044289609392,9,0.976919286461614,0.9846128576410761,0.015387142358923911,-0.0054151319915787385,0.9822506217200294,0.08152918424097043,9
15,4,0.0233572147,0.9746750945064978,0.9831167296709985,0.0168832703290015,0.0,0.9816553385953605,2305.835960163466,9,0.9731171385376569,0.9820780923584379,0.017921907641562096,0.017746441457948185,0.9563503284419952,0.27353886174253683,9
15,5,0.0311537409,0.9378801192423972,0.9585867461615981,0.04141325383840189,0.0,0.9740954173516801,2833.9648723434675,9,0.9645802907083939,0.9763868604722626,0.02361313952773736,0.007386736305873726,0.9574336114169466,0.15772414940683513,9
15,6,0.0362021775,0.9103513317929731,0.9402342211953153,0.0597657788046847,0.0,0.9682546540644967,2397.2168182790056,9,0.9591607508167846,0.9727738338778563,0.02722616612214368,0.0026485877512469874,0.9564054226571211,0.18404953630303322,9
15,7,0.0420687089,0.861112792777744,0.907408528518496,0.09259147148150404,0.0,0.961536427865913,2428.7101687698023,9,0.952837686943246,0.968558457962164,0.031441542037836,-0.0025767706800938453,0.9556148014972965,0.17677967794818997,9
15,8,0.0483293024,0.824845593503088,0.8832303956687252,0.11676960433127481,0.0,0.9534361224484766,1496.6426596192086,9,0.9449613511007728,0.9633075674005153,0.03669243259948474,0.00791796558740088,0.9373815670719727,0.30321557063161186,9
15,9,0.0547144504,0.7947359941052801,0.8631573294035201,0.13684267059647992,0.0,0.9448734052171854,861.249541471331,9,0.938782639224347,0.9591884261495647,0.04081157385043532,-0.003370874257619812,0.9418982157725583,0.2470958472992704,9
15,10,0.0635808794,0.7464295950714079,0.8309530633809387,0.16904693661906134,0.0,0.9316931419437022,515.5224780771225,9,0.9284817474303648,0.9523211649535765,0.04767883504642345,0.0016789543811222543,0.9264492017745958,0.28224174372063404,9
15,11,0.0738841056,0.668860796622784,0.779240531081856,0.22075946891814402,0.0,0.9143918275400009,260.29114228938994,9,0.9164766636704664,0.944317775780311,0.05568222421968905,0.0019475652881404053,0.9151770410283048,0.1330103643983679,9
15,12,0.0858569606,0.5886063982278721,0.7257375988185814,0.27426240118141865,0.0,0.8921948077111511,156.47472189617838,9,0.9029223319415531,0.9352815546277021,0.06471844537229787,0.0027377506183934963,0.900811320124382,0.3563009809116388,9
15,13,0.0925524149,0.551141598977168,0.7007610659847786,0.2992389340152214,0.0,0.8785645419110732,108.79832538652623,9,0.896376792072464,0.9309178613816428,0.06908213861835721,-0.002042053486718541,0.8970447597319209,0.6773305668618195,9
15,14,0.1,0.5225359995492801,0.6816906663661868,0.3183093336338132,0.0,0.8623059968797878,68.97553495216678,9,0.886495192270096,0.9243301281800639,0.07566987181993612,0.0037737905110302697,0.8843504868826049,0.34930388982245314,9
15,15,0.143844989,0.3065528038689439,0.5377018692459626,0.46229813075403736,0.0,0.7427066642471769,26.096926779375224,9,0.8377023932459519,0.8918015954973013,0.10819840450269869,0.001665063935187996,0.8363592937409275,0.1070410341826781,9
15,16,0.206913808,0.13875200722496,0.4258346714833066,0.5741653285166934,0.0,0.51255190503387,25.20310078644863,9,0.76374799472504,0.8424986631500267,0.15750133684997325,0.005418450235117936,0.7619795531562847,0.5130207033563474,9
15,17,0.335981829,0.25513360489732795,0.5034224032648853,0.4965775967351147,0.0,0.12679845143760038,31.586473817892756,9,0.611085597778288,0.7407237318521919,0.25927626814780813,0.00730377694238619,0.6157061236837117,1.0174826273955173,9
16,0,3.35981829e-05,0.99999999,0.9999999933333333,6.666666663157628e-09,0.0,0.9999763412325203,0.17405472263075158,9,0.9999980532367002,0.9999987021578001,1.29784219993212e-06,-18.120683653489294,19.120655498534664,0.27111337592003737,9
16,1,0.000615848211,0.999992136240157,0.9999947574934381,5.242506561864424e-06,0.0,0.9995938796986388,1.2375478498772,9,0.9986839795963203,0.9991226530642136,0.0008773469357864494,0.46736943573682654,0.5319234797253701,0.08724967919218499,9
16,2,0.0112883789,0.996374685222506,0.9975831234816708,0.002416876518329225,0.0,0.9923219196002294,697.5513831022745,9,0.9872793902544119,0.9915195935029413,0.008480406497058723,0.0020833887677151226,0.9851299798200859,0.24001176456340503,9
16,3,0.0206130785,0.9823994303520112,0.9882662869013408,0.011733713098659226,0.0,0.984729612916062,2005.286903925878,9,0.976919286461614,0.9846128576410761,0.015387142358923911,-0.0054151319915787385,0.9822506217200294,0.08152918424097043,9
16,4,0.0233572147,0.9727920185441594,0.9818613456961063,0.01813865430389372,0.0,0.9817060150216875,2694.1747784182635,9,0.9731171385376569,0.9820780923584379,0.017921907641562096,0.017746441457948185,0.9563503284419952,0.27353886174253683,9
16,5,0.0311537409,0.9377706072445877,0.9585137381630585,0.041486261836941485,0.0,0.9740971669958481,2874.1215240930187,9,0.9645802907083939,0.9763868604722626,0.02361313952773736,0.007386736305873726,0.9574336114169466,0.15772414940683513,9
16,6,0.0362021775,0.9081425838371481,0.9387617225580988,0.061238277441901245,0.0,0.9682696896622163,2489.514747712416,9,0.9591607508167846,0.9727738338778563,0.02722616612214368,0.0026485877512469874,0.9564054226571211,0.18404953630303322,9
16,7,0.0420687089,0.8610631927787359,0.9073754618524905,0.09262453814750948,0.0,0.961536698521495,2429.957149377215,9,0.952837686943246,0.968558457962164,0.031441542037836,-0.0025767706800938453,0.9556148014972965,0.17677967794818997,9
16,8,0.0483293024,0.82479199350416,0.8831946623361068,0.11680533766389323,0.0,0.9534362778777858,1495.3727750300875,9,0.9449613511007728,0.9633075674005153,0.03669243259948474,0.00791796558740088,0.9373815670719727,0.30321557063161186,9
16,9,0.0547144504,0.7947407941051841,0.863160529403456,0.136839470596544,0.0,0.9448734008174632,859.241654718282,9,0.938782639224347,0.9591884261495647,0.04081157385043532,-0.003370874257619812,0.9418982157725583,0.2470958472992704,9
16,10,0.0635808794,0.746480795070384,0.8309871967135893,0.16901280328641066,0.0,0.9316929806650884,518.9109652012809,9,0.9284817474303648,0.9523211649535765,0.04767883504642345,0.0016789543811222543,0.9264492017745958,0.28224174372063404,9
16,11,0.0738841056,0.6689071966218559,0.7792714644145707,0.22072853558542926,0.0,0.9143917654757914,264.3736597903034,9,0.9164766636704664,0.944317775780311,0.05568222421968905,0.0019475652881404053,0.9151770410283048,0.1330103643983679,9
16,12,0.0858569606,0.58860399822792,0.7257359988186133,0.2742640011813867,0.0,0.8921948107005191,150.82912161348605,9,0.9029223319415531,0.9352815546277021,0.06471844537229787,0.0027377506183934963,0.900811320124382,0.3563009809116388,9
16,13,0.0925524149,0.551140798977184,0.7007605326514561,0.2992394673485439,0.0,0.8785645424129409,107.4221700395636,9,0.896376792072464,0.9309178613816428,0.06908213861835721,-0.002042053486718541,0.8970447597319209,0.6773305668618195,9
16,14,0.1,0.5225359995492801,0.6816906663661868,0.3183093336338132,0.0,0.8623059969960154,72.26780375657623,9,0.886495192270096,0.9243301281800639,0.07566987181993612,0.0037737905110302697,0.8843504868826049,0.34930388982245314,9
16,15,0.143844989,0.3065528038689439,0.5377018692459626,0.46229813075403736,0.0,0.7427066642471898,25.65219362469558,9,0.8377023932459519,0.8918015954973013,0.10819840450269869,0.001665063935187996,0.8363592937409275,0.1070410341826781,9
16,16,0.206913808,0.13875200722496,0.4258346714833066,0.5741653285166934,0.0,0.51255190503387,30.96016610350225,9,0.76374799472504,0.8424986631500267,0.15750133684997325,0.005418450235117936,0.7619795531562847,0.5130207033563474,9
16,17,0.335981829,0.25513360489732795,0.5034224032648853,0.4965775967351147,0.0,0.1267984514375821,30.60648900036243,9,0.611085597778288,0.7407237318521919,0.25927626814780813,0.00730377694238619,0.6157061236837117,1.0174826273955173,9
17,0,3.35981829e-05,0.99999999,0.9999999933333333,6.666666663157628e-09,0.0,0.9999763177625229,0.1706077802090352,9,0.9999980532367002,0.9999987021578001,1.29784219993212e-06,-18.120683653489294,19.120655498534664,0.27111337592003737,9
17,1,0.000615848211,0.9999916615401665,0.9999944410267777,5.558973222297148e-06,0.0,0.9995954464745351,1.1228955943353705,9,0.9986839795963203,0.9991226530642136,0.0008773469357864494,0.46736943573682654,0.5319234797253701,0.08724967919218499,9
17,2,0.0112883789,0.9962227183955454,0.9974818122636969,0.002518187736303079,0.0,0.9923671081627872,885.1779430910036,9,0.9872793902544119,0.9915195935029413,0.008480406497058723,0.0020833887677151226,0.9851299798200859,0.24001176456340503,9
17,3,0.0206130785,0.9806108763877822,0.9870739175918549,0.012926082408145079,0.0,0.9848789399628397,2608.4641939359935,9,0.976919286461614,0.9846128576410761,0.015387142358923911,-0.0054151319915787385,0.9822506217200294,0.08152918424097043,9
17,4,0.0233572147,0.9708754025824917,0.9805836017216611,0.019416398278338853,0.0,0.9817556115367259,3192.3888641591234,9,0.9731171385376569,0.9820780923584379,0.017921907641562096,0.017746441457948185,0.9563503284419952,0.27353886174253683,9
17,5,0.0311537409,0.9348652513026947,0.9565768342017965,0.04342316579820349,0.0,0.9741387608071375,3108.8590645874083,9,0.9645802907083939,0.9763868604722626,0.02361313952773736,0.007386736305873726,0.9574336114169466,0.15772414940683513,9
17,6,0.0362021775,0.9063823698723523,0.9375882465815683,0.06241175341843175,0.0,0.9682815810114693,2574.0196548539575,9,0.9591607508167846,0.9727738338778563,0.02722616612214368,0.0026485877512469874,0.9564054226571211,0.18404953630303322,9
17,7,0.0420687089,0.8607391927852159,0.9071594618568106,0.09284053814318938,0.0,0.9615384131361367,2435.138315423838,9,0.952837686943246,0.968558457962164,0.031441542037836,-0.0025767706800938453,0.9556148014972965,0.17677967794818997,9
17,8,0.0483293024,0.8246615935067679,0.8831077290045121,0.11689227099548793,0.0,0.953436656074858,1495.073048820846,9,0.9449613511007728,0.9633075674005153,0.03669243259948474,0.00791796558740088,0.9373815670719727,0.30321557063161186,9
17,9,0.0547144504,0.794772794104544,0.8631818627363627,0.13681813726363734,0.0,0.9448732870558366,858.9872511421034,9,0.938782639224347,0.9591884261495647,0.04081157385043532,-0.003370874257619812,0.9418982157725583,0.2470958472992704,9
17,10,0.0635808794,0.746537595069248,0.8310250633794988,0.16897493662050123,0.0,0.9316928125871957,518.0746302239197,9,0.9284817474303648,0.9523211649535765,0.04767883504642345,0.0016789543811222543,0.9264492017745958,0.28224174372063404,9
17,11,0.0738841056,0.66887599662248,0.7792506644149867,0.2207493355850133,0.0,0.9143918074568874,260.14990233987015,9,0.9164766636704664,0.944317775780311,0.05568222421968905,0.0019475652881404053,0.9151770410283048,0.1330103643983679,9
17,12,0.0858569606,0.588609598227808,0.725739732151872,0.27426026784812796,0.0,0.8921948039891204,154.22510253176478,9,0.9029223319415531,0.9352815546277021,0.06471844537229787,0.0027377506183934963,0.900811320124382,0.3563009809116388,9
17,13,0.0925524149,0.551140798977184,0.7007605326514561,0.2992394673485439,0.0,0.8785645424630171,105.21289837137869,9,0.896376792072464,0.9309178613816428,0.06908213861835721,-0.002042053486718541,0.8970447597319209,0.6773305668618195,9
17,14,0.1,0.5225367995492641,0.6816911996995095,0.31830880030049047,0.0,0.8623059956586391,69.92358691302398,9,0.886495192270096,0.9243301281800639,0.07566987181993612,0.0037737905110302697,0.8843504868826049,0.34930388982245314,9
17,15,0.143844989,0.3065528038689439,0.5377018692459626,0.46229813075403736,0.0,0.742706664247219,27.88820935560341,9,0.8377023932459519,0.8918015954973013,0.10819840450269869,0.001665063935187996,0.8363592937409275,0.1070410341826781,9
17,16,0.206913808,0.13875200722496,0.4258346714833066,0.5741653285166934,0.0,0.51255190503387,27.464573805817817,9,0.76374799472504,0.8424986631500267,0.15750133684997325,0.005418450235117936,0.7619795531562847,0.5130207033563474,9
17,17,0.335981829,0.25513360489732795,0.5034224032648853,0.4965775967351147,0.0,0.12679845143760582,31.137424960940905,9,0.611085597778288,0.7407237318521919,0.25927626814780813,0.00730377694238619,0.6157061236837117,1.0174826273955173,9
18,0,3.35981829e-05,0.99999999,0.9999999933333333,6.666666663157628e-09,0.0,0.9999763083017389,0.16858290418013638,9,0.9999980532367002,0.9999987021578001,1.29784219993212e-06,-18.120683653489294,19.120655498534664,0.27111337592003737,9
18,1,0.000615848211,0.9999909626201805,0.9999939750801202,6.024919879776824e-06,0.0,0.9995983117900952,1.251592196756982,9,0.9986839795963203,0.9991226530642136,0.0008773469357864494,0.46736943573682654,0.5319234797253701,0.08724967919218499,9
18,2,0.0112883789,0.9961268137574635,0.997417875838309,0.002582124161691013,0.0,0.9923950908102583,1102.2343981277731,9,0.9872793902544119,0.9915195935029413,0.008480406497058723,0.0020833887677151226,0.9851299798200859,0.24001176456340503,9
18,3,0.0206130785,0.977526140449477,0.985017426966318,0.014982573033682,0.0,0.9851334342518604,3681.7051640623486,9,0.976919286461614,0.9846128576410761,0.015387142358923911,-0.0054151319915787385,0.9822506217200294,0.08152918424097043,9
18,4,0.0233572147,0.9679720386405589,0.9786480257603726,0.021351974239627425,0.0,0.98183063107686,3934.491845355089,9,0.9731171385376569,0.9820780923584379,0.017921907641562096,0.017746441457948185,0.9563503284419952,0.27353886174253683,9
18,5,0.0311537409,0.9291006554179866,0.9527337702786577,0.04726622972134231,0.0,0.9742166214816398,3647.587624866563,9,0.9645802907083939,0.9763868604722626,0.02361313952773736,0.007386736305873726,0.9574336114169466,0.15772414940683513,9
18,6,0.0362021775,0.9003457519930848,0.9335638346620566,0.06643616533794339,0.0,0.9683203425589642,2868.563518361524,9,0.9591607508167846,0.9727738338778563,0.02722616612214368,0.0026485877512469874,0.9564054226571211,0.18404953630303322,9
18,7,0.0420687089,0.860024792799504,0.9066831951996693,0.09331680480033067,0.0,0.9615421632612305,2451.387633195374,9,0.952837686943246,0.968558457962164,0.031441542037836,-0.0025767706800938453,0.9556148014972965,0.17677967794818997,9
18,8,0.0483293024,0.8243631935127358,0.8829087956751572,0.11709120432484277,0.0,0.9534375109201935,1497.4332459190066,9,0.9449613511007728,0.9633075674005153,0.03669243259948474,0.00791796558740088,0.9373815670719727,0.30321557063161186,9
18,9,0.0547144504,0.794741594105168,0.8631610627367786,0.13683893726322138,0.0,0.9448733815154029,858.7450339470289,9,0.938782639224347,0.9591884261495647,0.04081157385043532,-0.003370874257619812,0.9418982157725583,0.2470958472992704,9
18,10,0.0635808794,0.746549595069008,0.8310330633793387,0.1689669366206613,0.0,0.9316927735440056,515.3385218688098,9,0.9284817474303648,0.9523211649535765,0.04767883504642345,0.0016789543811222543,0.9264492017745958,0.28224174372063404,9
18,11,0.0738841056,0.6689119966217599,0.7792746644145065,0.22072533558549345,0.0,0.9143917589591208,259.80542876140026,9,0.9164766636704664,0.944317775780311,0.05568222421968905,0.0019475652881404053,0.9151770410283048,0.1330103643983679,9
18,12,0.0858569606,0.58861199822776,0.72574133215184,0.27425866784816,0.0,0.8921948013337475,149.49239641161094,9,0.9029223319415531,0.9352815546277021,0.06471844537229787,0.0027377506183934963,0.900811320124382,0.3563009809116388,9
18,13,0.0925524149,0.5511431989771359,0.7007621326514238,0.29923786734857616,0.0,0.8785645406108035,104.26542522918088,9,0.896376792072464,0.9309178613816428,0.06908213861835721,-0.002042053486718541,0.8970447597319209,0.6773305668618195,9
18,14,0.1,0.5225383995492321,0.6816922663661548,0.31830773363384524,0.0,0.8623059927358921,69.57725713449115,9,0.886495192270096,0.9243301281800639,0.07566987181993612,0.0037737905110302697,0.8843504868826049,0.34930388982245314,9
18,15,0.143844989,0.3065528038689439,0.5377018692459626,0.46229813075403736,0.0,0.7427066642472392,25.408737721006517,9,0.8377023932459519,0.8918015954973013,0.10819840450269869,0.001665063935187996,0.8363592937409275,0.1070410341826781,9
18,16,0.206913808,0.13875200722496,0.4258346714833066,0.5741653285166934,0.0,0.51255190503387,24.262810536296477,9,0.76374799472504,0.8424986631500267,0.15750133684997325,0.005418450235117936,0.7619795531562847,0.5130207033563474,9
18,17,0.335981829,0.25513360489732795,0.5034224032648853,0.4965775967351147,0.0,0.12679845143757107,26.671116536390677,9,0.611085597778288,0.7407237318521919,0.25927626814780813,0.00730377694238619,0.6157061236837117,1.0174826273955173,9
19,0,3.35981829e-05,0.99999999,0.9999999933333333,6.666666663157628e-09,0.0,0.9999762704828019,0.17068091596209706,9,0.9999980532367002,0.9999987021578001,1.29784219993212e-06,-18.120683653489294,19.120655498534664,0.27111337592003737,9
19,1,0.000615848211,0.9999900465501989,0.9999933643667992,6.635633200802182e-06,0.0,0.9996016024349633,2.9270746213041003,9,0.9986839795963203,0.9991226530642136,0.0008773469357864494,0.46736943573682654,0.5319234797253701,0.08724967919218499,9
19,2,0.0112883789,0.995863785282724,0.9972425235218161,0.002757476478183918,0.0,0.9924726649492994,1574.4996345438067,9,0.9872793902544119,0.9915195935029413,0.008480406497058723,0.0020833887677151226,0.9851299798200859,0.24001176456340503,9
19,3,0.0206130785,0.9730795465384088,0.9820530310256058,0.017946968974394184,0.0,0.9854822725164071,5681.970378766013,9,0.976919286461614,0.9846128576410761,0.015387142358923911,-0.0054151319915787385,0.9822506217200294,0.08152918424097043,9
19,4,0.0233572147,0.9607167907856639,0.9738111938571091,0.026188806142890875,0.0,0.9820069920431587,6053.940402521974,9,0.9731171385376569,0.9820780923584379,0.017921907641562096,0.017746441457948185,0.9563503284419952,0.27353886174253683,9
19,5,0.0311537409,0.9188707236225854,0.9459138157483903,0.054086184251609715,0.0,0.9743449665050354,4727.447478988684,9,0.9645802907083939,0.9763868604722626,0.02361313952773736,0.007386736305873726,0.9574336114169466,0.15772414940683513,9
19,6,0.0362021775,0.891725592165488,0.9278170614436586,0.07218293855634139,0.0,0.9683712013587323,3353.4360562598945,9,0.9591607508167846,0.9727738338778563,0.02722616612214368,0.0026485877512469874,0.9564054226571211,0.18404953630303322,9
19,7,0.0420687089,0.854709592905808,0.9031397286038719,0.09686027139612807,0.0,0.9615686920306151,2592.805410619968,9,0.952837686943246,0.968558457962164,0.031441542037836,-0.0025767706800938453,0.9556148014972965,0.17677967794818997,9
19,8,0.0483293024,0.82210399355792,0.8814026623719466,0.11859733762805336,0.0,0.9534438731465074,1520.5322782391515,9,0.9449613511007728,0.9633075674005153,0.03669243259948474,0.00791796558740088,0.9373815670719727,0.30321557063161186,9
19,9,0.0547144504,0.794289594114208,0.8628597294094721,0.1371402705905279,0.0,0.9448748028049128,859.9816376217085,9,0.938782639224347,0.9591884261495647,0.04081157385043532,-0.003370874257619812,0.9418982157725583,0.2470958472992704,9
19,10,0.0635808794,0.7467511950649759,0.8311674633766506,0.1688325366233494,0.0,0.9316921678564797,515.8656494835985,9,0.9284817474303648,0.9523211649535765,0.04767883504642345,0.0016789543811222543,0.9264492017745958,0.28224174372063404,9
19,11,0.0738841056,0.669058396618832,0.7793722644125548,0.2206277355874452,0.0,0.9143915650597139,259.087495148606,9,0.9164766636704664,0.944317775780311,0.05568222421968905,0.0019475652881404053,0.9151770410283048,0.1330103643983679,9
19,12,0.0858569606,0.5886559982268801,0.7257706654845867,0.2742293345154133,0.0,0.8921947504783981,148.34585955186253,9,0.9029223319415531,0.9352815546277021,0.06471844537229787,0.0027377506183934963,0.900811320124382,0.3563009809116388,9
19,13,0.0925524149,0.551158398976832,0.7007722659845547,0.29922773401544533,0.0,0.8785645292965346,104.5305917086479,9,0.896376792072464,0.9309178613816428,0.06908213861835721,-0.002042053486718541,0.8970447597319209,0.6773305668618195,9
19,14,0.1,0.5225527995489441,0.6817018663659627,0.31829813363403725,0.0,0.8623059693020101,70.8541318762901,9,0.886495192270096,0.9243301281800639,0.07566987181993612,0.0037737905110302697,0.8843504868826049,0.34930388982245314,9
19,15,0.143844989,0.3065528038689439,0.5377018692459626,0.46229813075403736,0.0,0.7427066642484974,27.258690001885437,9,0.8377023932459519,0.8918015954973013,0.10819840450269869,0.001665063935187996,0.8363592937409275,0.1070410341826781,9
19,16,0.206913808,0.13875200722496,0.4258346714833066,0.5741653285166934,0.0,0.51255190503387,26.752640618584095,9,0.76374799472504,0.8424986631500267,0.15750133684997325,0.005418450235117936,0.7619795531562847,0.5130207033563474,9
19,17,0.335981829,0.25513360489732795,0.5034224032648853,0.4965775967351147,0.0,0.12679845143830076,29.804429631855072,9,0.611085597778288,0.7407237318521919,0.25927626814780813,0.00730377694238619,0.6157061236837117,1.0174826273955173,9
20,0,3.35981829e-05,0.99999999,0.9999999933333333,6.666666663157628e-09,0.0,0.9999762602302551,0.16888931518959438,9,0.9999980532367002,0.9999987021578001,1.29784219993212e-06,-18.120683653489294,19.120655498534664,0.27111337592003737,9
20,1,0.000615848211,0.9999894433277109,0.9999929622184739,7.0377815261091214e-06,0.0,0.9996040474678716,2.5178438400676404,9,0.9986839795963203,0.9991226530642136,0.0008773469357864494,0.46736943573682654,0.5319234797253701,0.08724967919218499,9
20,2,0.0112883789,0.9957485977750279,0.9971657318500187,0.002834268149981334,0.0,0.9925073080320934,1833.4461341813324,9,0.9872793902544119,0.9915195935029413,0.008480406497058723,0.0020833887677151226,0.9851299798200859,0.24001176456340503,9
20,3,0.0206130785,0.970847538583049,0.9805650257220325,0.019434974277967476,0.0,0.9856587667646425,6625.619791557302,9,0.976919286461614,0.9846128576410761,0.015387142358923911,-0.0054151319915787385,0.9822506217200294,0.08152918424097043,9
20,4,0.0233572147,0.9587317988253639,0.9724878658835759,0.02751213411642406,0.0,0.982055456799061,6622.045107032101,9,0.9731171385376569,0.9820780923584379,0.017921907641562096,0.017746441457948185,0.9563503284419952,0.27353886174253683,9
20,5,0.0311537409,0.9171624796567501,0.9447749864378334,0.05522501356216658,0.0,0.9743661860972127,4909.170001938239,9,0.9645802907083939,0.9763868604722626,0.02361313952773736,0.007386736305873726,0.9574336114169466,0.15772414940683513,9
20,6,0.0362021775,0.890590392188192,0.9270602614587947,0.07293973854120528,0.0,0.9683780607536744,3407.5040605084464,9,0.9591607508167846,0.9727738338778563,0.02722616612214368,0.0026485877512469874,0.9564054226571211,0.18404953630303322,9
20,7,0.0420687089,0.854357592912848,0.9029050619418987,0.09709493805810132,0.0,0.9615705328594557,2599.2089837154003,9,0.952837686943246,0.968558457962164,0.031441542037836,-0.0025767706800938453,0.9556148014972965,0.17677967794818997,9
20,8,0.0483293024,0.8220663935586721,0.8813775957057813,0.11862240429421866,0.0,0.9534439776091529,1521.1898526117811,9,0.9449613511007728,0.9633075674005153,0.03669243259948474,0.00791796558740088,0.9373815670719727,0.30321557063161186,9
20,9,0.0547144504,0.7942247941155041,0.862816529410336,0.13718347058966396,0.0,0.9448750170030038,857.7647455522247,9,0.938782639224347,0.9591884261495647,0.04081157385043532,-0.003370874257619812,0.9418982157725583,0.2470958472992704,9
20,10,0.0635808794,0.7468735950625278,0.8312490633750186,0.16875093662498142,0.0,0.931691784253758,514.9194755158721,9,0.9284817474303648,0.9523211649535765,0.04767883504642345,0.0016789543811222543,0.9264492017745958,0.28224174372063404,9
20,11,0.0738841056,0.6691559966168801,0.77943733107792,0.22056266892207999,0.0,0.9143914293495842,264.5025509463569,9,0.9164766636704664,0.944317775780311,0.05568222421968905,0.0019475652881404053,0.9151770410283048,0.1330103643983679,9
20,12,0.0858569606,0.5886583982268321,0.7257722654845548,0.27422773451544524,0.0,0.8921947477078733,149.9496087471372,9,0.9029223319415531,0.9352815546277021,0.06471844537229787,0.0027377506183934963,0.900811320124382,0.3563009809116388,9
20,13,0.0925524149,0.551159198976816,0.7007727993178774,0.2992272006821226,0.0,0.8785645287460802,106.70262687958815,9,0.896376792072464,0.9309178613816428,0.06908213861835721,-0.002042053486718541,0.8970447597319209,0.6773305668618195,9
20,14,0.1,0.522553599548928,0.6817023996992854,0.31829760030071463,0.0,0.8623059679440724,71.59460281157378,9,0.886495192270096,0.9243301281800639,0.07566987181993612,0.0037737905110302697,0.8843504868826049,0.34930388982245314,9
20,15,0.143844989,0.3065528038689439,0.5377018692459626,0.46229813075403736,0.0,0.7427066642485018,26.81424632018494,9,0.8377023932459519,0.8918015954973013,0.10819840450269869,0.001665063935187996,0.8363592937409275,0.1070410341826781,9
20,16,0.206913808,0.13875200722496,0.4258346714833066,0.5741653285166934,0.0,0.51255190503387,26.157427307966906,9,0.76374799472504,0.8424986631500267,0.15750133684997325,0.005418450235117936,0.7619795531562847,0.5130207033563474,9
20,17,0.335981829,0.25513360489732795,0.5034224032648853,0.4965775967351147,0.0,0.12679845143830074,27.858000495082994,9,0.611085597778288,0.7407237318521919,0.25927626814780813,0.00730377694238619,0.6157061236837117,1.0174826273955173,9
21,0,3.35981829e-05,0.99999999,0.9999999933333333,6.666666663157628e-09,0.0,0.9999762285569345,0.16501209323897714,9,0.9999980532367002,0.9999987021578001,1.29784219993212e-06,-18.120683653489294,19.120655498534664,0.27111337592003737,9
21,1,0.000615848211,0.9999880558402386,0.9999920372268258,7.962773174163829e-06,0.0,0.9996098477649354,3.7395386257259946,9,0.9986839795963203,0.9991226530642136,0.0008773469357864494,0.46736943573682654,0.5319234797253701,0.08724967919218499,9
21,2,0.0112883789,0.995603787947924,0.9970691919652827,0.002930808034717347,0.0,0.9925505530483031,2292.185672064864,9,0.9872793902544119,0.9915195935029413,0.008480406497058723,0.0020833887677151226,0.9851299798200859,0.24001176456340503,9
21,3,0.0206130785,0.9674352006512957,0.9782901337675304,0.02170986623246962,0.0,0.9859214490718776,8311.594204237586,9,0.976919286461614,0.9846128576410761,0.015387142358923911,-0.0054151319915787385,0.9822506217200294,0.08152918424097043,9
21,4,0.0233572147,0.9525988009480237,0.9683992006320158,0.03160079936798421,0.0,0.9821991779972393,8526.345590193694,9,0.9731171385376569,0.9820780923584379,0.017921907641562096,0.017746441457948185,0.9563503284419952,0.27353886174253683,9
21,5,0.0311537409,0.9127464917450699,0.9418309944967133,0.05816900550328674,0.0,0.9744195443079006,5387.3631325404685,9,0.9645802907083939,0.9763868604722626,0.02361313952773736,0.007386736305873726,0.9574336114169466,0.15772414940683513,9
21,6,0.0362021775,0.8863719922725599,0.9242479948483733,0.07575200515162672,0.0,0.968402639653811,3636.604174780577,9,0.9591607508167846,0.9727738338778563,0.02722616612214368,0.0026485877512469874,0.9564054226571211,0.18404953630303322,9
21,7,0.0420687089,0.852110392957792,0.901406928638528,0.098593071361472,0.0,0.9615819614896481,2654.1092671649003,9,0.952837686943246,0.968558457962164,0.031441542037836,-0.0025767706800938453,0.9556148014972965,0.17677967794818997,9
21,8,0.0483293024,0.821122393577552,0.8807482623850347,0.11925173761496533,0.0,0.9534467675116178,1527.6053127361997,9,0.9449613511007728,0.9633075674005153,0.03669243259948474,0.00791796558740088,0.9373815670719727,0.30321557063161186,9
21,9,0.0547144504,0.79400799411984,0.8626719960798933,0.1373280039201067,0.0,0.9448757473143119,855.2974190187621,9,0.938782639224347,0.9591884261495647,0.04081157385043532,-0.003370874257619812,0.9418982157725583,0.2470958472992704,9
21,10,0.0635808794,0.7469455950610878,0.8312970633740585,0.1687029366259415,0.0,0.9316915531063932,512.52760151965,9,0.9284817474303648,0.9523211649535765,0.04767883504642345,0.0016789543811222543,0.9264492017745958,0.28224174372063404,9
21,11,0.0738841056,0.669221596615568,0.7794810644103786,0.22051893558962143,0.0,0.9143913379295882,260.3171637879419,9,0.9164766636704664,0.944317775780311,0.05568222421968905,0.0019475652881404053,0.9151770410283048,0.1330103643983679,9
21,12,0.0858569606,0.58867199822656,0.72578133215104,0.27421866784896,0.0,0.8921947314231105,150.6393608156599,9,0.9029223319415531,0.9352815546277021,0.06471844537229787,0.0027377506183934963,0.900811320124382,0.3563009809116388,9
21,13,0.0925524149,0.551164798976704,0.7007765326511359,0.29922346734886407,0.0,0.8785645244052407,103.9613900979909,9,0.896376792072464,0.9309178613816428,0.06908213861835721,-0.002042053486718541,0.8970447597319209,0.6773305668618195,9
21,14,0.1,0.5225559995488801,0.6817039996992534,0.31829600030074656,0.0,0.8623059637005863,68.33592420862966,9,0.886495192270096,0.9243301281800639,0.07566987181993612,0.0037737905110302697,0.8843504868826049,0.34930388982245314,9
21,15,0.143844989,0.3065528038689439,0.5377018692459626,0.46229813075403736,0.0,0.7427066642486078,25.455716081998123,9,0.8377023932459519,0.8918015954973013,0.10819840450269869,0.001665063935187996,0.8363592937409275,0.1070410341826781,9
21,16,0.206913808,0.13875200722496,0.4258346714833066,0.5741653285166934,0.0,0.51255190503387,25.984336494613867,9,0.76374799472504,0.8424986631500267,0.15750133684997325,0.005418450235117936,0.7619795531562847,0.5130207033563474,9
21,17,0.335981829,0.25513360489732795,0.5034224032648853,0.4965775967351147,0.0,0.12679845143836183,33.348143196653744,9,0.611085597778288,0.7407237318521919,0.25927626814780813,0.00730377694238619,0.6157061236837117,1.0174826273955173,9
22,0,3.35981829e-05,0.99999999,0.9999999933333333,6.666666663157628e-09,0.0,0.9999762285558029,0.16501206238562252,9,0.9999980532367002,0.9999987021578001,1.29784219993212e-06,-18.120683653489294,19.120655498534664,0.27111337592003737,9
22,1,0.000615848211,0.9999876033602477,0.9999917355734985,8.264426501480848e-06,0.0,0.9996119180331847,3.414406692409993,9,0.9986839795963203,0.9991226530642136,0.0008773469357864494,0.46736943573682654,0.5319234797253701,0.08724967919218499,9
22,2,0.0112883789,0.995663036311739,0.9971086908744926,0.002891309125507391,0.0,0.9925325946930204,2331.972452128672,9,0.9872793902544119,0.9915195935029413,0.008480406497058723,0.0020833887677151226,0.9851299798200859,0.24001176456340503,9
22,3,0.0206130785,0.9669649186607013,0.9779766124404675,0.02202338755953248,0.0,0.9859580514490642,8567.569429752175,9,0.976919286461614,0.9846128576410761,0.015387142358923911,-0.0054151319915787385,0.9822506217200294,0.08152918424097043,9
22,4,0.0233572147,0.9521012709579744,0.9680675139719829,0.031932486028017126,0.0,0.9822109015681523,8699.91051780321,9,0.9731171385376569,0.9820780923584379,0.017921907641562096,0.017746441457948185,0.9563503284419952,0.27353886174253683,9
22,5,0.0311537409,0.9099802718003943,0.9399868478669294,0.06001315213307057,0.0,0.9744533336680967,5656.964967572643,9,0.9645802907083939,0.9763868604722626,0.02361313952773736,0.007386736305873726,0.9574336114169466,0.15772414940683513,9
22,6,0.0362021775,0.885766392284672,0.9238442615231147,0.07615573847688528,0.0,0.968406276187153,3666.182179774055,9,0.9591607508167846,0.9727738338778563,0.02722616612214368,0.0026485877512469874,0.9564054226571211,0.18404953630303322,9
22,7,0.0420687089,0.851874392962512,0.9012495953083413,0.09875040469165874,0.0,0.961583216263582,2658.4044241371853,9,0.952837686943246,0.968558457962164,0.031441542037836,-0.0025767706800938453,0.9556148014972965,0.17677967794818997,9
22,8,0.0483293024,0.8211791935764159,0.8807861290509439,0.11921387094905611,0.0,0.9534465913313828,1527.5129783835198,9,0.9449613511007728,0.9633075674005153,0.03669243259948474,0.00791796558740088,0.9373815670719727,0.30321557063161186,9
22,9,0.0547144504,0.794019194119616,0.8626794627464106,0.1373205372535894,0.0,0.9448757080995587,854.5963798796171,9,0.938782639224347,0.9591884261495647,0.04081157385043532,-0.003370874257619812,0.9418982157725583,0.2470958472992704,9
22,10,0.0635808794,0.7470023950599519,0.8313349300399681,0.16866506996003194,0.0,0.9316913655848789,514.2116726808088,9,0.9284817474303648,0.9523211649535765,0.04767883504642345,0.0016789543811222543,0.9264492017745958,0.28224174372063404,9
22,11,0.0738841056,0.669223196615536,0.779482131077024,0.22051786892297598,0.0,0.9143913355046083,258.65626083164403,9,0.9164766636704664,0.944317775780311,0.05568222421968905,0.0019475652881404053,0.9151770410283048,0.1330103643983679,9
22,12,0.0858569606,0.5886727982265441,0.7257818654843627,0.27421813451563726,0.0,0.8921947305602238,151.08196590139514,9,0.9029223319415531,0.9352815546277021,0.06471844537229787,0.0027377506183934963,0.900811320124382,0.3563009809116388,9
22,13,0.0925524149,0.5511655989766879,0.7007770659844587,0.29922293401554134,0.0,0.8785645237326334,105.80857532938059,9,0.896376792072464,0.9309178613816428,0.06908213861835721,-0.002042053486718541,0.8970447597319209,0.6773305668618195,9
22,14,0.1,0.5225559995488801,0.6817039996992534,0.31829600030074656,0.0,0.8623059637234767,68.52999876064726,9,0.886495192270096,0.9243301281800639,0.07566987181993612,0.0037737905110302697,0.8843504868826049,0.34930388982245314,9
22,15,0.143844989,0.3065528038689439,0.5377018692459626,0.46229813075403736,0.0,0.7427066642486088,27.554171386831474,9,0.8377023932459519,0.8918015954973013,0.10819840450269869,0.001665063935187996,0.8363592937409275,0.1070410341826781,9
22,16,0.206913808,0.13875200722496,0.4258346714833066,0.5741653285166934,0.0,0.51255190503387,24.36303058788344,9,0.76374799472504,0.8424986631500267,0.15750133684997325,0.005418450235117936,0.7619795531562847,0.5130207033563474,9
22,17,0.335981829,0.25513360489732795,0.5034224032648853,0.4965775967351147,0.0,0.12679845143836188,33.64093015694349,9,0.611085597778288,0.7407237318521919,0.25927626814780813,0.00730377694238619,0.6157061236837117,1.0174826273955173,9
